,src,sin,san,non,id
0,0.0,0.0,0.0,0.0,<java.util.ArrayDeque: java.lang.Object[] toArray()>
1,0.0,0.0,0.0,0.0,<sun.security.krb5.Config: void refresh()>
2,0.0,0.0,0.0,0.0,"<java.util.spi.LocaleNameProvider: java.lang.String getDisplayVariant(java.lang.String,java.util.Locale)>"
3,0.0,0.0,0.0,0.0,<java.lang.CharacterData: int getType(int)>
4,0.0,0.0,0.0,0.0,<sun.text.normalizer.UCharacterIterator: void setIndex(int)>
5,0.0,0.0,0.0,4.0,<java.io.ExpiringCache$Entry: void setVal(java.lang.String)>
6,0.0,0.0,0.0,0.0,<sun.security.x509.GeneralSubtree: int getMaximum()>
7,0.25,0.25,0.25,0.25,"<java.util.concurrent.TimeUnit$6: long convert(long,java.util.concurrent.TimeUnit)>"
8,0.0,0.0,0.0,0.0,<java.lang.Class: boolean isSynthetic()>
9,1.0,0.0,0.0,0.0,<java.nio.charset.CoderResult$Cache: java.nio.charset.CoderResult create(int)>
10,0.0,0.0,0.0,4.0,"<sun.security.ssl.Handshaker: void throwSSLException(java.lang.String,java.lang.Throwable)>"
11,0.0,0.0,0.0,0.0,<javax.security.auth.SubjectDomainCombiner: boolean cachePolicy()>
12,0.0,0.0,0.0,0.0,<java.nio.ByteBuffer: long getLong()>
13,4.0,0.0,0.0,0.0,<sun.misc.JarIndex: java.util.LinkedList get(java.lang.String)>
14,0.0,0.0,0.0,0.0,<sun.security.util.DerInputStream: java.lang.String getUTF8String()>
15,0.0,0.0,0.0,4.0,"<javax.crypto.KeyGenerator: void init(java.security.spec.AlgorithmParameterSpec,java.security.SecureRandom)>"
16,4.0,0.0,0.0,0.0,<java.util.Formatter$FormatSpecifier: java.lang.String justify(java.lang.String)>
17,0.0,0.0,0.0,0.0,<java.security.PermissionsEnumerator: java.lang.Object nextElement()>
18,0.0,0.0,0.0,1.0,<java.text.AttributedString: char charAt(int)>
19,0.25,0.25,0.25,0.25,<sun.security.ssl.SSLSessionContextImpl$SessionCacheVisitor: void visit(java.util.Map)>
20,1.0,0.0,0.0,0.0,"<javax.naming.directory.DirContext: javax.naming.directory.Attributes getAttributes(javax.naming.Name,java.lang.String[])>"
21,0.0,0.0,0.0,0.0,<sun.security.util.MemoryCache: void emptyQueue()>
22,0.0,0.0,0.0,0.0,<sun.reflect.UnsafeQualifiedStaticLongFieldAccessorImpl: boolean getBoolean(java.lang.Object)>
23,0.25,0.25,0.25,0.25,"<java.nio.CharBuffer: java.lang.CharSequence subSequence(int,int)>"
24,0.25,0.25,0.25,0.25,<java.lang.Byte: byte parseByte(java.lang.String)>
25,0.0,0.0,0.0,4.0,<sun.security.krb5.internal.crypto.crc32: void engineUpdate(byte)>
26,0.0,0.0,0.0,4.0,<java.io.ObjectOutputStream$BlockDataOutputStream: void writeBytes(java.lang.String)>
27,0.25,0.25,0.25,0.25,"<java.io.ObjectStreamClass: java.lang.reflect.Method access$1602(java.io.ObjectStreamClass,java.lang.reflect.Method)>"
28,0.25,0.25,0.25,0.25,<java.util.concurrent.ThreadFactory: java.lang.Thread newThread(java.lang.Runnable)>
29,0.0,0.0,0.0,0.0,<sun.net.www.protocol.ftp.FtpURLConnection: java.lang.String getRequestProperty(java.lang.String)>
30,0.0,0.0,0.0,0.0,<sun.net.www.protocol.http.HttpURLConnection: void writeRequests()>
31,0.0,0.0,0.0,0.0,<sun.security.ssl.SSLEngineImpl: int getConnectionState()>
32,0.0,0.0,0.0,0.0,<sun.security.pkcs.SignerInfo: sun.security.x509.X500Name getIssuerName()>
33,4.0,0.0,0.0,0.0,<java.util.jar.JarFile: java.util.zip.ZipEntry getEntry(java.lang.String)>
34,0.25,0.25,0.25,0.25,<java.io.ObjectInputStream$HandleTable: java.lang.ClassNotFoundException lookupException(int)>
35,0.25,0.25,0.25,0.25,"<sun.nio.ch.SocketChannelImpl: long read(java.nio.ByteBuffer[],int,int)>"
36,0.0,0.0,0.0,0.0,<sun.nio.fs.UnixFileAttributeViews$Posix: java.lang.String name()>
37,0.0,0.0,1.0,0.0,"<java.io.Bits: void putLong(byte[],int,long)>"
38,0.25,0.25,0.25,0.25,"<sun.nio.ch.FileDispatcherImpl: int write(java.io.FileDescriptor,long,int)>"
39,0.25,0.25,0.25,0.25,<java.nio.IntBuffer: int compareTo(java.nio.IntBuffer)>
40,0.0,0.0,0.0,0.0,<java.util.concurrent.ConcurrentHashMap$HashIterator: void remove()>
41,0.0,0.0,0.0,0.0,<java.nio.file.FileStore: long getUsableSpace()>
42,0.0,0.0,0.0,1.0,<sun.net.dns.ResolverConfiguration: sun.net.dns.ResolverConfiguration$Options options()>
43,0.0,0.0,0.0,0.0,<java.util.concurrent.SynchronousQueue$TransferQueue$QNode: boolean isOffList()>
44,0.0,0.0,0.0,0.0,<java.io.ObjectStreamField: int getOffset()>
45,0.0,0.0,0.0,4.0,"<sun.reflect.UnsafeQualifiedLongFieldAccessorImpl: void setShort(java.lang.Object,short)>"
46,0.25,0.25,0.25,0.25,<sun.util.calendar.AbstractCalendar: int normalizeTime(sun.util.calendar.CalendarDate)>
47,0.25,0.25,0.25,0.25,"<java.net.HttpCookie$8: void assign(java.net.HttpCookie,java.lang.String,java.lang.String)>"
48,0.0,0.0,0.0,0.0,<java.nio.CharBuffer: char get()>
49,0.25,0.25,0.25,0.25,"<sun.nio.cs.US_ASCII$Encoder: java.nio.charset.CoderResult encodeBufferLoop(java.nio.CharBuffer,java.nio.ByteBuffer)>"
50,0.0,0.0,0.0,0.0,<java.util.concurrent.ExecutorService: void shutdown()>
51,0.0,0.0,0.0,0.0,"<java.nio.Bits: void copyToCharArray(long,java.lang.Object,long,long)>"
52,0.25,0.25,0.25,0.25,"<java.lang.CharSequence: java.lang.CharSequence subSequence(int,int)>"
53,0.25,0.25,0.25,0.25,"<java.lang.AbstractStringBuilder: java.lang.AbstractStringBuilder insert(int,char[],int,int)>"
54,0.0,0.0,0.0,0.0,<java.lang.ProcessEnvironment$StringEntry: java.lang.String getKey()>
55,0.0,0.0,0.0,0.0,<java.nio.Buffer: java.lang.Object array()>
56,0.0,0.0,0.0,0.0,<java.util.concurrent.FutureTask: boolean isCancelled()>
57,0.25,0.25,0.25,0.25,<java.nio.ByteBufferAsShortBufferRB: java.nio.ShortBuffer asReadOnlyBuffer()>
58,0.25,0.25,0.25,0.25,<java.security.AllPermissionCollection: boolean implies(java.security.Permission)>
59,0.25,0.25,0.25,0.25,<java.math.BigDecimal: java.math.BigDecimal divide(java.math.BigDecimal)>
60,0.0,0.0,0.0,0.0,<java.lang.Class: java.lang.Class getDeclaringClass()>
61,0.0,0.0,0.0,0.0,<javax.naming.Name: java.lang.Object clone()>
62,0.0,0.0,0.0,0.0,<java.nio.DirectByteBuffer: short getShort()>
63,0.0,0.0,0.0,4.0,<javax.naming.NamingException: void setRootCause(java.lang.Throwable)>
64,0.25,0.25,0.25,0.25,<java.util.BitSet: java.util.BitSet valueOf(byte[])>
65,0.0,0.0,0.0,0.0,<sun.nio.ch.SharedFileLockTable: java.util.List removeAll()>
66,0.0,0.0,0.0,4.0,<javax.xml.transform.TransformerException: void printStackTrace(java.io.PrintWriter)>
67,0.0,0.0,0.0,0.0,<sun.reflect.generics.reflectiveObjects.WildcardTypeImpl: sun.reflect.generics.tree.FieldTypeSignature[] getUpperBoundASTs()>
68,0.0,0.0,0.0,0.0,<sun.text.normalizer.ReplaceableUCharacterIterator: java.lang.Object clone()>
69,0.0,0.0,0.0,0.0,<java.util.Collections$CheckedMap$CheckedEntrySet: boolean remove(java.lang.Object)>
70,0.25,0.25,0.25,0.25,<java.nio.charset.CharsetEncoder: java.nio.charset.CharsetEncoder onUnmappableCharacter(java.nio.charset.CodingErrorAction)>
71,0.0,0.0,0.0,0.0,<sun.security.provider.PolicyFile$PolicyEntry: java.util.List getPrincipals()>
72,0.25,0.25,0.25,0.25,"<sun.security.krb5.internal.crypto.dk.DkCrypto: byte[] decryptRaw(byte[],int,byte[],byte[],int,int)>"
73,0.0,0.0,0.0,0.0,<java.util.concurrent.LinkedBlockingDeque: boolean offerLast(java.lang.Object)>
74,4.0,0.0,0.0,0.0,<org.w3c.dom.NamedNodeMap: org.w3c.dom.Node getNamedItem(java.lang.String)>
75,1.0,0.0,0.0,0.0,<java.nio.HeapShortBufferR: java.nio.ShortBuffer put(java.nio.ShortBuffer)>
76,0.25,0.25,0.25,0.25,"<sun.misc.URLClassPath: java.util.Enumeration findResources(java.lang.String,boolean)>"
77,0.0,0.0,0.0,4.0,"<sun.reflect.UnsafeStaticBooleanFieldAccessorImpl: void set(java.lang.Object,java.lang.Object)>"
78,0.25,0.25,0.25,0.25,<sun.nio.ch.CompletedFuture: boolean cancel(boolean)>
79,0.0,0.0,0.0,0.0,<java.io.ObjectOutputStream$DebugTraceInfoStack: void pop()>
80,0.0,0.0,0.0,0.0,<java.security.CodeSource: int hashCode()>
81,0.25,0.25,0.25,0.25,<sun.security.util.KeyUtil: void validate(java.security.Key)>
82,0.0,0.0,0.0,0.0,<sun.nio.ch.InheritedChannel$InheritedDatagramChannelImpl: void kill()>
83,0.0,0.0,0.0,0.0,<sun.nio.ch.Net: boolean canIPv6SocketJoinIPv4Group()>
84,0.25,0.25,0.25,0.25,"<javax.net.ServerSocketFactory: java.net.ServerSocket createServerSocket(int,int,java.net.InetAddress)>"
85,0.25,0.25,0.25,0.25,"<java.lang.String: int indexOf(int,int)>"
86,0.0,0.0,0.0,0.0,<sun.nio.cs.FastCharsetProvider$1: void remove()>
87,0.0,0.0,0.0,0.0,<sun.security.util.BitArray: java.lang.String toString()>
88,4.0,0.0,0.0,0.0,<java.util.Objects: int hashCode(java.lang.Object)>
89,0.25,0.25,0.25,0.25,"<java.nio.file.FileSystems: java.nio.file.FileSystem newFileSystem(java.net.URI,java.util.Map)>"
90,0.0,0.0,0.0,0.0,<java.util.AbstractMap$2: int size()>
91,0.0,0.0,4.0,0.0,<sun.text.normalizer.UTF16: boolean isLeadSurrogate(char)>
92,0.0,0.0,0.0,4.0,<java.net.AbstractPlainSocketImpl: void setAddress(java.net.InetAddress)>
93,0.0,0.0,0.0,4.0,"<sun.reflect.UnsafeStaticByteFieldAccessorImpl: void setDouble(java.lang.Object,double)>"
94,0.0,0.0,0.0,4.0,<sun.reflect.UnsafeFieldAccessorImpl: java.lang.IllegalArgumentException newGetIllegalArgumentException(java.lang.String)>
95,0.0,0.0,0.0,0.0,<sun.net.www.MimeTable$1: java.lang.Object run()>
96,0.0,0.0,0.0,0.0,<java.util.HashSet: int size()>
97,4.0,0.0,0.0,0.0,<java.security.Security: java.util.Set getAlgorithms(java.lang.String)>
98,4.0,0.0,0.0,0.0,"<java.nio.DirectDoubleBufferS: java.nio.DoubleBuffer put(double[],int,int)>"
99,0.0,0.0,0.0,0.0,<sun.security.provider.PolicyParser: boolean remove(sun.security.provider.PolicyParser$GrantEntry)>
100,0.0,0.0,0.0,0.0,"<sun.misc.Unsafe: long reallocateMemory(long,long)>"
101,0.25,0.25,0.25,0.25,<java.util.concurrent.locks.ReentrantReadWriteLock$Sync: boolean tryRelease(int)>
102,0.25,0.25,0.25,0.25,"<java.lang.Character: char forDigit(int,int)>"
103,0.0,0.0,0.0,0.0,<sun.security.pkcs.PKCS8Key: byte[] encode()>
104,0.0,0.0,0.0,0.0,<java.security.spec.ECFieldF2m: java.math.BigInteger getReductionPolynomial()>
105,0.25,0.25,0.25,0.25,"<sun.security.provider.PolicyFile: boolean checkForTrustedIdentity(java.security.cert.Certificate,sun.security.provider.PolicyFile$PolicyInfo)>"
106,0.0,0.0,0.0,4.0,<sun.net.ftp.impl.FtpClient: sun.net.ftp.FtpClient endSecureSession()>
107,0.0,0.0,0.0,4.0,<java.net.AbstractPlainDatagramSocketImpl: void send(java.net.DatagramPacket)>
108,0.0,0.0,0.0,0.0,"<java.lang.ThreadLocal$ThreadLocalMap: void access$200(java.lang.ThreadLocal$ThreadLocalMap,java.lang.ThreadLocal)>"
109,0.0,0.0,0.0,0.0,<java.util.TreeMap$NavigableSubMap$EntrySetView: boolean contains(java.lang.Object)>
110,0.0,0.0,0.0,0.0,<java.security.cert.PKIXParameters: java.util.Set getTrustAnchors()>
111,0.0,0.0,0.0,0.0,<sun.nio.cs.US_ASCII: java.nio.charset.CharsetEncoder newEncoder()>
112,0.25,0.25,0.25,0.25,<java.security.PermissionsHash: boolean implies(java.security.Permission)>
113,0.0,0.0,0.0,0.0,<java.text.CollationElementIterator: int next()>
114,0.0,0.0,0.0,0.0,<java.io.ObjectInputStream: byte readByte()>
115,0.0,0.0,0.0,0.0,"<java.util.GregorianCalendar: int getRolledValue(int,int,int,int)>"
116,0.0,0.0,0.0,0.0,<java.util.LinkedHashMap$KeyIterator: java.lang.Object next()>
117,0.0,0.0,0.0,0.0,<javax.naming.CannotProceedException: javax.naming.Context getAltNameCtx()>
118,0.25,0.25,0.25,0.25,"<sun.reflect.annotation.AnnotationParser: java.lang.annotation.Annotation parseAnnotation2(java.nio.ByteBuffer,sun.reflect.ConstantPool,java.lang.Class,boolean,java.lang.Class[])>"
119,0.0,0.0,0.0,0.0,<java.lang.Runtime: void runFinalization()>
120,0.25,0.25,0.25,0.25,"<sun.nio.ch.SourceChannelImpl: boolean translateReadyOps(int,int,sun.nio.ch.SelectionKeyImpl)>"
121,0.0,0.0,0.0,0.0,"<java.util.concurrent.LinkedBlockingDeque: boolean offer(java.lang.Object,long,java.util.concurrent.TimeUnit)>"
122,0.0,0.0,0.0,0.0,<sun.security.x509.X509CertImpl: java.lang.Object get(java.lang.String)>
123,1.0,0.0,0.0,0.0,<java.nio.DirectCharBufferS: java.nio.CharBuffer asReadOnlyBuffer()>
124,4.0,0.0,0.0,0.0,<sun.nio.fs.AbstractWatchKey: java.nio.file.Path watchable()>
125,0.0,0.0,0.0,0.0,<java.io.InputStream: int read()>
126,0.0,0.0,0.0,0.0,<java.lang.CharacterDataLatin1: int toLowerCase(int)>
127,0.0,0.0,0.0,0.0,"<sun.text.normalizer.ReplaceableUCharacterIterator: int getText(char[],int)>"
128,0.0,0.0,0.0,0.0,<sun.reflect.UnsafeQualifiedStaticShortFieldAccessorImpl: boolean getBoolean(java.lang.Object)>
129,0.25,0.25,0.25,0.25,"<sun.nio.cs.StreamDecoder: sun.nio.cs.StreamDecoder forInputStreamReader(java.io.InputStream,java.lang.Object,java.lang.String)>"
130,0.0,0.0,0.0,0.0,<sun.misc.Launcher$ExtClassLoader: java.io.File[] getExtDirs()>
131,0.0,0.0,0.0,0.0,<java.io.ObjectOutputStream$1: java.lang.Boolean run()>
132,1.0,0.0,0.0,0.0,"<sun.util.PreHashedMap: java.lang.Object put(java.lang.Object,java.lang.Object)>"
133,0.25,0.25,0.25,0.25,<java.util.Collections$UnmodifiableSortedMap: java.util.SortedMap tailMap(java.lang.Object)>
134,0.0,0.0,0.0,4.0,"<java.net.URLConnection: void setDefaultRequestProperty(java.lang.String,java.lang.String)>"
135,0.0,0.0,0.0,0.0,<java.text.NumberFormat: void setMinimumFractionDigits(int)>
136,0.0,0.0,0.0,0.0,<java.nio.DirectFloatBufferU: java.nio.FloatBuffer compact()>
137,0.0,0.0,0.0,0.0,<java.util.AbstractList: boolean equals(java.lang.Object)>
138,0.0,0.0,0.0,0.0,<java.security.cert.X509CertSelector: byte[] getNameConstraints()>
139,4.0,0.0,0.0,0.0,<java.lang.ClassLoader: java.lang.Class findSystemClass(java.lang.String)>
140,0.25,0.25,0.25,0.25,"<sun.misc.LRUCache: boolean hasName(java.lang.Object,java.lang.Object)>"
141,0.0,0.0,0.0,0.0,<java.nio.charset.Charset: java.nio.charset.Charset lookupViaProviders(java.lang.String)>
142,0.0,0.0,0.0,0.0,<sun.misc.Version: int jvmBuildNumber()>
143,0.0,0.0,0.0,4.0,<sun.net.www.MessageHeader: void print(java.io.PrintStream)>
144,0.0,0.0,0.0,0.0,<sun.net.dns.ResolverConfigurationImpl: java.lang.String fallbackDomain0()>
145,0.0,0.0,0.0,0.0,<java.util.concurrent.ThreadPoolExecutor: boolean isTerminated()>
146,0.0,0.0,0.0,0.0,<java.util.Hashtable: int hashCode()>
147,0.0,0.0,0.0,1.0,"<java.io.ObjectOutputStream: void writeObject0(java.lang.Object,boolean)>"
148,0.0,0.0,0.0,0.0,<java.security.AccessControlContext: void checkPermission(java.security.Permission)>
149,0.0,0.0,0.0,1.0,"<sun.security.krb5.internal.crypto.DesCbcMd5EType: byte[] decrypt(byte[],byte[],byte[],int)>"
150,0.25,0.25,0.25,0.25,<java.math.BigDecimal: java.math.BigDecimal subtract(java.math.BigDecimal)>
151,0.0,0.0,0.0,0.0,<sun.nio.fs.UnixFileSystemProvider: java.lang.String getScheme()>
152,0.25,0.25,0.25,0.25,<sun.security.krb5.internal.crypto.dk.ArcFourCrypto: byte[] stringToKey(char[])>
153,0.25,0.25,0.25,0.25,"<sun.security.util.ManifestEntryVerifier: java.security.CodeSigner[] verify(java.util.Hashtable,java.util.Hashtable)>"
154,0.0,0.0,0.0,0.0,<java.text.BreakIterator: java.text.BreakIterator getCharacterInstance()>
155,0.0,0.0,0.0,0.0,<sun.security.krb5.Credentials: sun.security.krb5.internal.ccache.CredentialsCache getCache()>
156,0.25,0.25,0.25,0.25,<java.nio.file.Path: boolean endsWith(java.nio.file.Path)>
157,0.0,0.0,0.0,0.0,<java.text.CollationKey: java.lang.String getSourceString()>
158,0.0,0.0,0.0,0.0,<sun.security.ssl.SSLSocketImpl: boolean checkEOF()>
159,0.0,0.0,0.0,4.0,"<java.util.Formatter$FormatSpecifier: void printInteger(java.lang.Object,java.util.Locale)>"
160,0.0,0.0,0.0,1.0,"<sun.nio.ch.InheritedChannel: int open0(java.lang.String,int)>"
161,0.0,0.0,0.0,1.0,<java.nio.charset.CharsetEncoder: void implOnUnmappableCharacter(java.nio.charset.CodingErrorAction)>
162,0.25,0.25,0.25,0.25,"<sun.security.krb5.internal.crypto.dk.AesDkCrypto: byte[] calculateChecksum(byte[],int,byte[],int,int)>"
163,0.0,0.0,0.0,0.0,<java.text.FieldPosition: boolean equals(java.lang.Object)>
164,0.0,0.0,0.0,0.0,<java.net.SocketOutputStream: void finalize()>
165,0.0,0.0,0.0,0.0,<java.util.Collections$UnmodifiableCollection: boolean contains(java.lang.Object)>
166,0.25,0.25,0.25,0.25,"<java.lang.AbstractStringBuilder: java.lang.AbstractStringBuilder insert(int,long)>"
167,0.0,0.0,0.0,1.0,<java.util.Collections: java.util.ListIterator emptyListIterator()>
168,0.0,0.0,0.0,0.0,<jdk.net.SocketFlow: int priority()>
169,0.0,0.0,0.0,0.0,<sun.net.www.http.HttpCaptureInputStream: int read()>
170,0.0,0.0,0.0,0.0,<java.nio.DirectFloatBufferS: float get(int)>
171,0.0,0.0,0.0,0.0,"<sun.security.x509.OIDMap: void addInternal(java.lang.String,sun.security.util.ObjectIdentifier,java.lang.String)>"
172,0.0,0.0,0.0,0.0,<sun.net.www.protocol.https.HttpsURLConnectionImpl: java.io.InputStream getInputStream()>
173,0.0,0.0,1.0,0.0,<java.nio.MappedByteBuffer: long mappingAddress(long)>
174,0.0,0.0,0.0,0.0,<java.lang.reflect.Constructor: java.lang.String toGenericString()>
175,0.0,0.0,0.0,0.0,<sun.nio.ch.AsynchronousSocketChannelImpl: void implClose()>
176,0.0,0.0,0.0,0.0,<sun.reflect.ByteVectorImpl: void resize(int)>
177,0.0,0.0,0.0,0.0,<javax.naming.spi.ContinuationContext: javax.naming.Context getTargetContext()>
178,0.25,0.25,0.25,0.25,"<sun.security.krb5.internal.crypto.Aes128: byte[] calculateChecksum(byte[],int,byte[],int,int)>"
179,1.0,0.0,0.0,0.0,"<sun.misc.ProxyGenerator: void access$1500(sun.misc.ProxyGenerator,int,java.io.DataOutputStream)>"
180,0.25,0.25,0.25,0.25,<java.net.SocketPermission: boolean implies(java.security.Permission)>
181,0.25,0.25,0.25,0.25,<java.text.ChoiceFormat: double nextDouble(double)>
182,0.0,0.0,0.0,0.0,<java.lang.UNIXProcess: int waitForProcessExit(int)>
183,0.25,0.25,0.25,0.25,"<java.net.InetAddress: void cacheAddresses(java.lang.String,java.net.InetAddress[],boolean)>"
184,0.25,0.25,0.25,0.25,<java.util.Map: java.util.Collection values()>
185,4.0,0.0,0.0,0.0,<java.text.AttributedCharacterIterator: java.lang.Object getAttribute(java.text.AttributedCharacterIterator$Attribute)>
186,0.0,0.0,0.0,0.0,<java.lang.Class: boolean access$502(boolean)>
187,0.0,0.0,0.0,4.0,<sun.security.provider.SecureRandom: void engineSetSeed(byte[])>
188,0.25,0.25,0.25,0.25,<java.util.concurrent.ExecutorService: java.util.concurrent.Future submit(java.lang.Runnable)>
189,0.0,0.0,0.0,0.0,<java.util.AbstractQueue: java.lang.Object remove()>
190,0.0,0.0,0.0,0.0,<java.lang.reflect.Field: java.util.Map declaredAnnotations()>
191,1.0,0.0,0.0,0.0,<java.nio.ByteBuffer: java.nio.ByteBuffer putShort(short)>
192,0.25,0.25,0.25,0.25,<sun.reflect.generics.visitor.Reifier: void visitDoubleSignature(sun.reflect.generics.tree.DoubleSignature)>
193,4.0,0.0,0.0,0.0,"<java.nio.DoubleBuffer: java.nio.DoubleBuffer get(double[],int,int)>"
194,0.0,0.0,0.0,0.0,<sun.net.www.http.ChunkedInputStream: void close()>
195,0.25,0.25,0.25,0.25,"<java.util.Arrays: void legacyMergeSort(java.lang.Object[],int,int)>"
196,0.0,0.0,0.0,4.0,<javax.net.ssl.TrustManagerFactory: void init(java.security.KeyStore)>
197,0.25,0.25,0.25,0.25,"<sun.text.normalizer.UnicodeSet: void _appendToPat(java.lang.StringBuffer,int,boolean)>"
198,0.25,0.25,0.25,0.25,"<java.io.ObjectInputStream: void bytesToDoubles(byte[],int,double[],int,int)>"
199,0.25,0.25,0.25,0.25,"<java.nio.file.Files: java.nio.file.DirectoryStream newDirectoryStream(java.nio.file.Path,java.lang.String)>"
200,0.25,0.25,0.25,0.25,"<sun.security.ssl.CipherBox: int[] checkPadding(java.nio.ByteBuffer,byte)>"
201,0.0,0.0,0.0,0.0,<sun.nio.ch.FileLockTable: void add(java.nio.channels.FileLock)>
202,0.0,0.0,0.0,0.0,"<sun.text.normalizer.NormalizerBase: long getNextNorm32(sun.text.normalizer.UCharacterIterator,int,int,int[])>"
203,0.0,0.0,0.0,0.0,<java.util.jar.JarFile$1: boolean hasMoreElements()>
204,0.0,0.0,0.0,0.0,<javax.security.auth.Subject$2: java.lang.Object run()>
205,0.0,0.0,0.0,4.0,"<sun.misc.CharacterEncoder: void encode(java.nio.ByteBuffer,java.io.OutputStream)>"
206,0.0,0.0,0.0,0.0,"<java.lang.Class: void checkPackageAccess(java.lang.ClassLoader,boolean)>"
207,0.0,0.0,0.0,0.0,<sun.security.krb5.KdcComm$1: java.lang.Object run()>
208,4.0,0.0,0.0,0.0,<sun.reflect.UnsafeBooleanFieldAccessorImpl: java.lang.Object get(java.lang.Object)>
209,0.0,0.0,0.0,4.0,<sun.security.ssl.HandshakeMessage$CertificateVerify: void send(sun.security.ssl.HandshakeOutStream)>
210,0.0,0.0,0.0,4.0,<sun.net.www.http.HttpClient: void writeRequests(sun.net.www.MessageHeader)>
211,4.0,0.0,0.0,0.0,<java.security.Signature: boolean access$200(java.security.Provider$Service)>
212,0.0,0.0,0.0,4.0,<java.net.DatagramSocket: void send(java.net.DatagramPacket)>
213,0.0,0.0,0.0,0.0,<java.security.KeyStore$TrustedCertificateEntry: java.lang.String toString()>
214,0.0,0.0,0.0,0.0,<sun.nio.ch.MembershipKeyImpl$Type4: int groupAddress()>
215,0.25,0.25,0.25,0.25,"<javax.net.ssl.HttpsURLConnection$DefaultHostnameVerifier: boolean verify(java.lang.String,javax.net.ssl.SSLSession)>"
216,0.25,0.25,0.25,0.25,"<java.util.regex.Pattern$GroupHead: boolean match(java.util.regex.Matcher,int,java.lang.CharSequence)>"
217,0.0,0.0,0.0,4.0,"<sun.text.normalizer.UnicodeSet: sun.text.normalizer.UnicodeSet add(int[],int,int)>"
218,1.0,0.0,0.0,0.0,<java.nio.DirectCharBufferS: java.nio.CharBuffer duplicate()>
219,0.0,0.0,0.0,0.0,<sun.reflect.annotation.EnumConstantNotPresentExceptionProxy: java.lang.RuntimeException generateException()>
220,4.0,0.0,0.0,0.0,<java.nio.file.attribute.FileTime$DaysAndNanos: int compareTo(java.lang.Object)>
221,0.0,0.0,0.0,0.0,<java.util.LinkedList: java.lang.Object removeFirst()>
222,0.0,0.0,0.0,0.0,<java.net.URI: int getPort()>
223,0.0,0.0,4.0,0.0,<java.util.Formatter$Conversion: boolean isValid(char)>
224,0.25,0.25,0.25,0.25,<java.io.ObjectOutputStream: boolean enableReplaceObject(boolean)>
225,0.0,0.0,0.0,0.0,<sun.text.IntHashtable: void setDefaultValue(int)>
226,0.0,0.0,0.0,0.0,<java.text.AttributedCharacterIterator$Attribute: java.lang.String getName()>
227,0.25,0.25,0.25,0.25,<java.security.cert.CertStore: java.security.cert.CertStore handleException(java.security.NoSuchAlgorithmException)>
228,0.25,0.25,0.25,0.25,<java.lang.StrictMath: double acos(double)>
229,0.0,0.0,0.0,0.0,<java.nio.ByteBufferAsIntBufferL: int get(int)>
230,0.0,0.0,0.0,4.0,<sun.security.x509.GeneralSubtree: void encode(sun.security.util.DerOutputStream)>
231,0.25,0.25,0.25,0.25,"<sun.misc.Hashing: int murmur3_32(int,char[])>"
232,0.0,0.0,0.0,0.0,<sun.util.locale.ParseStatus: void reset()>
233,0.0,0.0,0.0,0.0,<java.lang.Package: java.lang.annotation.Annotation[] getDeclaredAnnotations()>
234,0.0,0.0,0.0,0.0,<sun.security.x509.IssuerAlternativeNameExtension: java.lang.String getName()>
235,0.0,0.0,0.0,0.0,<java.util.AbstractMap$1: int size()>
236,0.0,0.0,0.0,0.0,<sun.security.internal.spec.TlsKeyMaterialSpec: javax.crypto.spec.IvParameterSpec getServerIv()>
237,0.0,0.0,0.0,1.0,<sun.reflect.ClassFileAssembler: void emitByte(byte)>
238,0.0,0.0,0.0,0.0,<java.text.RBTableBuilder: void addComposedChars()>
239,0.25,0.25,0.25,0.25,<sun.nio.fs.AbstractPath: boolean startsWith(java.lang.String)>
240,0.0,0.0,4.0,0.0,<sun.util.locale.LocaleUtils: boolean isUpper(char)>
241,0.0,0.0,0.0,0.0,<java.util.IdentityHashMap$EntrySet: void clear()>
242,0.0,0.0,0.0,1.0,"<java.lang.SecurityManager: void checkConnect(java.lang.String,int)>"
243,1.0,0.0,0.0,0.0,"<java.util.GregorianCalendar: int computeFields(int,int)>"
244,0.0,0.0,0.0,0.0,<java.net.URLClassLoader$3$1: java.net.URL run()>
245,0.0,0.0,0.0,0.0,<sun.nio.ch.ExtendedSocketOption$1: java.lang.String toString()>
246,0.25,0.25,0.25,0.25,<java.math.BigInteger: java.math.BigInteger gcd(java.math.BigInteger)>
247,0.0,0.0,0.0,0.0,<sun.security.ssl.SSLContextImpl$TLS12Context: javax.net.ssl.SSLParameters getDefaultServerSSLParams()>
248,1.0,0.0,0.0,0.0,<sun.nio.ch.KQueue: long allocatePollArray(int)>
249,0.0,0.0,0.0,0.0,"<sun.nio.ch.IOVecWrapper: void putBase(int,long)>"
250,1.0,0.0,0.0,0.0,<sun.security.jca.ProviderConfig: sun.security.util.Debug access$000()>
251,0.0,0.0,0.0,0.0,<sun.nio.fs.UnixFileSystem$FileStoreIterator: java.nio.file.FileStore next()>
252,0.0,0.0,0.0,0.0,<sun.nio.ch.InheritedChannel$InheritedSocketChannelImpl: java.net.SocketAddress remoteAddress()>
253,0.0,0.0,0.0,4.0,<java.security.cert.X509CertSelector: void setCertificate(java.security.cert.X509Certificate)>
254,0.0,0.0,0.0,0.0,<java.security.AllPermission: boolean equals(java.lang.Object)>
255,4.0,0.0,0.0,0.0,<javax.naming.spi.ContinuationContext: java.lang.Object lookup(java.lang.String)>
256,0.25,0.25,0.25,0.25,"<java.nio.channels.AsynchronousFileChannel: java.nio.channels.FileLock tryLock(long,long,boolean)>"
257,0.0,0.0,0.0,0.0,<java.security.Provider$Service: boolean hasKeyAttributes()>
258,0.0,0.0,0.0,0.0,<java.util.concurrent.BlockingDeque: boolean add(java.lang.Object)>
259,0.25,0.25,0.25,0.25,"<java.lang.ClassLoader: java.lang.Class defineTransformedClass(java.lang.String,byte[],int,int,java.security.ProtectionDomain,java.lang.ClassFormatError,java.lang.String)>"
260,0.0,0.0,0.0,0.0,<sun.nio.ch.Util$1: java.lang.Object initialValue()>
261,0.0,0.0,0.0,0.0,<java.lang.Class: sun.reflect.generics.factory.GenericsFactory getFactory()>
262,1.0,0.0,0.0,0.0,<java.nio.charset.CoderResult: java.nio.charset.CoderResult unmappableForLength(int)>
263,1.0,0.0,0.0,0.0,<java.nio.ByteBufferAsCharBufferRL: java.nio.CharBuffer asReadOnlyBuffer()>
264,0.25,0.25,0.25,0.25,"<sun.security.x509.AVA: int readChar(java.io.Reader,java.lang.String)>"
265,0.0,0.0,0.0,0.0,"<java.text.DateFormatSymbols: void copyMembers(java.text.DateFormatSymbols,java.text.DateFormatSymbols)>"
266,0.0,0.0,0.0,0.0,<java.lang.Class: void registerNatives()>
267,0.0,0.0,0.0,0.0,<java.text.DecimalFormatSymbols: java.lang.String getInternationalCurrencySymbol()>
268,0.25,0.25,0.25,0.25,<java.text.MergeCollation: java.lang.String emitPattern(boolean)>
269,0.0,0.0,0.0,0.0,<java.util.concurrent.ConcurrentHashMap$Segment: void rehash(java.util.concurrent.ConcurrentHashMap$HashEntry)>
270,0.25,0.25,0.25,0.25,<java.net.InetAddress: int checkNumericZone(java.lang.String)>
271,0.0,0.0,0.0,0.0,<java.lang.Integer: int stringSize(int)>
272,0.0,0.0,0.0,4.0,"<sun.nio.ch.Net: void setInterface4(java.io.FileDescriptor,int)>"
273,0.0,0.0,0.0,0.0,<sun.net.ftp.FtpDirEntry: sun.net.ftp.FtpDirEntry$Type getType()>
274,0.0,0.0,0.0,0.0,<javax.net.ssl.SSLSession: javax.security.cert.X509Certificate[] getPeerCertificateChain()>
275,0.25,0.25,0.25,0.25,<sun.nio.ch.AsynchronousChannelGroupImpl: java.lang.Runnable bindToGroup(java.lang.Runnable)>
276,0.0,0.0,0.0,0.0,<sun.nio.ch.ThreadPool: boolean isFixedThreadPool()>
277,0.0,0.0,0.0,1.0,<sun.net.www.http.ChunkedInputStream: int readAhead(boolean)>
278,0.0,0.0,0.0,0.0,<java.security.Policy: java.lang.String getType()>
279,0.25,0.25,0.25,0.25,<java.nio.Bits: byte char1(char)>
280,0.25,0.25,0.25,0.25,"<java.util.zip.ZipFile: java.util.zip.ZipEntry access$900(java.util.zip.ZipFile,java.lang.String,long)>"
281,0.25,0.25,0.25,0.25,"<java.nio.DirectByteBuffer: java.nio.ByteBuffer putChar(int,char)>"
282,0.0,0.0,0.0,0.0,<sun.security.ssl.SunJSSE: void registerAlgorithms(boolean)>
283,16.0,0.0,0.0,0.0,<javax.xml.transform.SecuritySupport: java.io.FileInputStream getFileInputStream(java.io.File)>
284,0.25,0.25,0.25,0.25,<sun.security.ssl.JsseJce: java.security.spec.RSAPublicKeySpec getRSAPublicKeySpec(java.security.PublicKey)>
285,0.0,0.0,0.0,0.0,<sun.misc.URLClassPath$JarLoader: void close()>
286,0.25,0.25,0.25,0.25,<java.nio.channels.AsynchronousServerSocketChannel: java.nio.channels.NetworkChannel bind(java.net.SocketAddress)>
287,1.0,0.0,0.0,0.0,<java.util.ResourceBundle$SingleFormatControl: java.util.ResourceBundle$Control access$900()>
288,0.0,0.0,0.0,4.0,<sun.nio.ch.DevPollArrayWrapper: void interrupt(int)>
289,0.0,0.0,0.0,0.0,<sun.text.normalizer.NormalizerBase$NFKDMode: sun.text.normalizer.NormalizerBase$IsNextBoundary getNextBoundary()>
290,0.0,0.0,0.0,0.0,<sun.net.www.http.ChunkedInputStream: int read()>
291,0.0,0.0,0.0,4.0,"<javax.crypto.KeyGeneratorSpi: void engineInit(java.security.spec.AlgorithmParameterSpec,java.security.SecureRandom)>"
292,0.25,0.25,0.25,0.25,<java.security.cert.CertSelector: boolean match(java.security.cert.Certificate)>
293,0.0,0.0,0.0,0.0,<java.lang.reflect.Constructor: boolean isVarArgs()>
294,0.25,0.25,0.25,0.25,<java.nio.ByteBufferAsShortBufferL: java.nio.ByteOrder order()>
295,0.0,0.0,0.0,0.0,<sun.security.ssl.HelloExtension: int length()>
296,0.0,0.0,0.0,0.0,<java.util.JumboEnumSet$EnumSetIterator: java.lang.Object next()>
297,0.0,0.0,0.0,0.0,<java.util.Collections$CheckedMap$CheckedEntrySet: boolean addAll(java.util.Collection)>
298,0.0,0.0,0.0,0.0,<sun.security.krb5.Confounder: int intValue()>
299,0.0,0.0,0.0,0.0,<sun.net.www.protocol.http.HttpURLConnection: sun.net.www.protocol.http.HttpURLConnection$TunnelState tunnelState()>
300,0.0,0.0,0.0,0.0,<sun.security.ssl.HandshakeMessage$ServerKeyExchange: int messageType()>
301,0.0,0.0,0.0,0.0,<sun.security.util.DerValue: java.math.BigInteger getBigInteger()>
302,0.0,0.0,0.0,0.0,<java.lang.ThreadGroup: void remove(java.lang.ThreadGroup)>
303,0.25,0.25,0.25,0.25,"<java.net.URI$Parser: int parseAuthority(int,int)>"
304,0.0,0.0,0.0,4.0,<java.io.ExpiringCache$Entry: void setTimestamp(long)>
305,0.0,0.0,0.0,0.0,<java.net.InetAddress: java.lang.String toString()>
306,0.0,0.0,0.0,0.0,<java.util.Collections$EmptySet: boolean contains(java.lang.Object)>
307,0.0,0.0,0.0,0.0,"<sun.nio.ch.FileDispatcher: void release(java.io.FileDescriptor,long,long)>"
308,0.0,0.0,0.0,0.0,<java.util.concurrent.ThreadPoolExecutor: void interruptIdleWorkers()>
309,1.0,0.0,0.0,0.0,"<java.nio.DirectShortBufferS: java.nio.ShortBuffer put(int,short)>"
310,0.0,0.0,0.0,0.0,<java.text.StringCharacterIterator: char setIndex(int)>
311,4.0,0.0,0.0,0.0,"<java.io.ObjectInputStream$BlockDataInputStream: int readUTFChar(java.lang.StringBuilder,long)>"
312,0.25,0.25,0.25,0.25,"<java.nio.channels.SocketChannel: java.nio.channels.NetworkChannel setOption(java.net.SocketOption,java.lang.Object)>"
313,0.0,0.0,0.0,0.0,<java.security.Security: void removeProvider(java.lang.String)>
314,0.0,0.0,0.0,0.0,<sun.misc.URLClassPath$JarLoader$2: java.security.cert.Certificate[] getCertificates()>
315,0.0,0.0,0.0,1.0,"<sun.net.www.protocol.jar.Handler: void parseURL(java.net.URL,java.lang.String,int,int)>"
316,0.0,0.0,0.0,1.0,"<sun.nio.ch.SinkChannelImpl: void translateAndSetInterestOps(int,sun.nio.ch.SelectionKeyImpl)>"
317,0.25,0.25,0.25,0.25,"<java.util.Arrays: void rangeCheck(int,int,int)>"
318,0.0,0.0,0.0,0.0,<java.text.CollationElementIterator: short secondaryOrder(int)>
319,0.0,0.0,0.0,0.0,<java.lang.Throwable$WrappedPrintStream: void println(java.lang.Object)>
320,0.0,0.0,4.0,0.0,<sun.util.calendar.BaseCalendar: boolean isLeapYear(int)>
321,0.0,0.0,0.0,0.0,<java.lang.ProcessBuilder: java.lang.ProcessBuilder$Redirect redirectInput()>
322,0.0,0.0,0.0,0.0,<java.security.cert.PKIXBuilderParameters: int getMaxPathLength()>
323,0.0,0.0,0.0,0.0,<sun.security.ssl.SSLServerSocketImpl: java.lang.String[] getSupportedProtocols()>
324,0.0,0.0,0.0,0.0,<sun.net.www.protocol.http.AuthCacheValue: java.lang.String getPath()>
325,0.0,0.0,0.0,0.0,<java.security.BasicPermission: java.security.PermissionCollection newPermissionCollection()>
326,0.25,0.25,0.25,0.25,"<java.nio.MappedByteBuffer: void force0(java.io.FileDescriptor,long,long)>"
327,0.0,0.0,0.0,0.0,<sun.net.DefaultProgressMeteringPolicy: int getProgressUpdateThreshold()>
328,0.0,0.0,0.0,0.0,<sun.nio.ch.SocketAdaptor: void close()>
329,0.0,0.0,0.0,1.0,<sun.security.krb5.internal.HostAddresses: void writeAddrs(sun.security.krb5.internal.ccache.CCacheOutputStream)>
330,0.25,0.25,0.25,0.25,"<sun.reflect.annotation.AnnotationParser: java.lang.annotation.Annotation annotationForMap(java.lang.Class,java.util.Map)>"
331,0.25,0.25,0.25,0.25,<org.w3c.dom.Document: org.w3c.dom.Element createElement(java.lang.String)>
332,0.0,0.0,0.0,0.0,<sun.net.www.protocol.http.HttpURLConnection$3: java.net.ResponseCache run()>
333,0.0,0.0,0.0,4.0,"<java.text.DigitList: void set(boolean,java.lang.String,int,boolean)>"
334,4.0,0.0,0.0,0.0,"<sun.net.www.protocol.http.HttpURLConnection: sun.net.www.http.HttpClient getNewHttpClient(java.net.URL,java.net.Proxy,int,boolean)>"
335,0.0,0.0,0.0,0.0,<sun.misc.JavaLangAccess: byte[] getRawClassAnnotations(java.lang.Class)>
336,0.0,0.0,0.0,0.0,<java.util.zip.ZipFile$ZipFileInputStream: long size()>
337,0.0,0.0,0.0,0.0,<java.nio.channels.AsynchronousFileChannel: long size()>
338,0.0,0.0,0.0,0.0,<java.util.Collections$AsLIFOQueue: void clear()>
339,0.25,0.25,0.25,0.25,<java.util.Collection: java.util.Iterator iterator()>
340,0.0,0.0,0.0,4.0,"<sun.reflect.UnsafeQualifiedLongFieldAccessorImpl: void set(java.lang.Object,java.lang.Object)>"
341,0.25,0.25,0.25,0.25,<java.lang.ProcessEnvironment$StringKeySet: java.util.Set access$800(java.lang.ProcessEnvironment$StringKeySet)>
342,0.0,0.0,0.0,0.0,<java.io.UnixFileSystem: java.lang.String resolve(java.io.File)>
343,0.25,0.25,0.25,0.25,<java.lang.StrictMath: double tan(double)>
344,0.25,0.25,0.25,0.25,<sun.security.krb5.internal.crypto.Des: long octet2long(byte[])>
345,0.25,0.25,0.25,0.25,<sun.net.sdp.SdpSupport: java.io.FileDescriptor createSocket()>
346,1.0,0.0,0.0,0.0,<java.nio.DirectShortBufferS: java.nio.ShortBuffer put(short)>
347,0.25,0.25,0.25,0.25,"<java.util.regex.Pattern: int escape(boolean,boolean)>"
348,0.0,0.0,0.0,0.0,<java.util.concurrent.locks.ReentrantReadWriteLock$WriteLock: void lockInterruptibly()>
349,0.0,0.0,0.0,0.0,<com.sun.naming.internal.VersionHelper12$InputStreamEnumeration: boolean hasMore()>
350,0.0,0.0,0.0,0.0,<java.nio.channels.spi.SelectorProvider: boolean loadProviderAsService()>
351,0.0,0.0,0.0,0.0,<java.io.ObjectInputStream$GetField: java.io.ObjectStreamClass getObjectStreamClass()>
352,0.0,0.0,0.0,0.0,<java.nio.HeapByteBuffer: short getShort()>
353,0.0,0.0,0.0,0.0,<sun.net.www.MimeTable: void add(sun.net.www.MimeEntry)>
354,0.0,0.0,0.0,0.0,<java.util.concurrent.locks.AbstractQueuedSynchronizer: int getState()>
355,4.0,0.0,0.0,0.0,<java.lang.ClassLoader: java.net.URL getResource(java.lang.String)>
356,0.0,0.0,0.0,0.0,<sun.nio.fs.UnixNativeDispatcher: boolean supportsNoFollowLinks()>
357,0.0,0.0,0.0,1.0,<java.util.Hashtable: void writeObject(java.io.ObjectOutputStream)>
358,0.25,0.25,0.25,0.25,"<java.util.Collections$UnmodifiableList: java.util.List subList(int,int)>"
359,0.0,0.0,4.0,0.0,<java.util.regex.ASCII: boolean isSpace(int)>
360,0.25,0.25,0.25,0.25,"<java.util.TimSort: void mergeLo(int,int,int,int)>"
361,1.0,0.0,0.0,0.0,<sun.nio.ch.AixPollPort: int access$200(sun.nio.ch.AixPollPort)>
362,0.0,0.0,0.0,1.0,<java.util.concurrent.locks.ReadWriteLock: java.util.concurrent.locks.Lock writeLock()>
363,0.0,0.0,0.0,0.0,<sun.security.ssl.Handshaker: void processLoop()>
364,0.0,0.0,0.0,0.0,<sun.security.krb5.Credentials: sun.security.krb5.EncryptionKey getSessionKey()>
365,0.0,0.0,0.0,0.0,<java.util.jar.JarFile: boolean hasClassPathAttribute()>
366,0.0,0.0,0.0,0.0,<java.util.WeakHashMap$EntrySet: java.util.List deepCopy()>
367,0.0,0.0,0.0,0.0,<sun.security.ssl.HandshakeMessage$HelloRequest: int messageType()>
368,0.25,0.25,0.25,0.25,<java.util.Dictionary: java.util.Enumeration keys()>
369,0.25,0.25,0.25,0.25,<javax.net.ssl.SSLEngineResult$Status: javax.net.ssl.SSLEngineResult$Status valueOf(java.lang.String)>
370,0.0,0.0,0.0,4.0,<java.lang.Throwable: void printStackTrace(java.io.PrintStream)>
371,0.0,0.0,4.0,0.0,<java.lang.Character: boolean isAlphabetic(int)>
372,4.0,0.0,0.0,0.0,<sun.reflect.UnsafeStaticIntegerFieldAccessorImpl: float getFloat(java.lang.Object)>
373,0.25,0.25,0.25,0.25,<java.lang.Double: java.lang.Double valueOf(java.lang.String)>
374,0.25,0.25,0.25,0.25,<java.io.UnixFileSystem: boolean delete0(java.io.File)>
375,1.0,0.0,0.0,0.0,<java.io.ObjectInputStream: void access$600(java.io.ObjectInputStream)>
376,1.0,0.0,0.0,0.0,"<java.util.GregorianCalendar: int monthLength(int,int)>"
377,0.0,0.0,0.0,0.0,<java.nio.file.Path: java.nio.file.Path getFileName()>
378,0.0,0.0,0.0,0.0,<sun.misc.Signal: boolean equals(java.lang.Object)>
379,0.25,0.25,0.25,0.25,"<sun.security.jca.GetInstance: java.security.Provider$Service getService(java.lang.String,java.lang.String,java.security.Provider)>"
380,0.0,0.0,0.0,0.0,<sun.security.x509.X509CRLEntryImpl: java.util.Date getRevocationDate()>
381,0.0,0.0,0.0,0.0,<sun.reflect.generics.reflectiveObjects.ParameterizedTypeImpl: java.lang.reflect.Type getOwnerType()>
382,0.0,0.0,0.0,0.0,<sun.misc.JavaNioAccess: void truncate(java.nio.Buffer)>
383,0.0,0.0,0.0,4.0,<sun.misc.SharedSecrets: void setJavaIOFileDescriptorAccess(sun.misc.JavaIOFileDescriptorAccess)>
384,0.25,0.25,0.25,0.25,"<sun.util.logging.PlatformLogger: void warning(java.lang.String,java.lang.Throwable)>"
385,0.0,0.0,0.0,0.0,<java.util.Collections$EmptySet: java.lang.Object[] toArray()>
386,0.0,0.0,0.0,0.0,<java.nio.MappedByteBuffer: boolean isLoaded()>
387,0.0,0.0,0.0,0.0,"<java.io.ObjectInputStream$BlockDataInputStream: void readLongs(long[],int,int)>"
388,0.0,0.0,0.0,0.0,<sun.nio.ch.FileKey: int hashCode()>
389,4.0,0.0,0.0,0.0,<sun.reflect.UnsafeQualifiedShortFieldAccessorImpl: float getFloat(java.lang.Object)>
390,0.25,0.25,0.25,0.25,<sun.security.ec.ECKeyFactory: java.security.PublicKey implTranslatePublicKey(java.security.PublicKey)>
391,0.0,0.0,0.0,0.0,<sun.security.timestamp.TimestampToken: sun.security.x509.AlgorithmId getHashAlgorithm()>
392,0.0,0.0,0.0,0.0,<java.util.TreeMap$Values: void clear()>
393,0.25,0.25,0.25,0.25,"<sun.util.calendar.CalendarUtils: java.lang.StringBuilder sprintf0d(java.lang.StringBuilder,int,int)>"
394,0.0,0.0,0.0,0.0,"<java.security.cert.X509CertSelector: void addSubjectAlternativeNameInternal(int,java.lang.Object)>"
395,0.0,0.0,0.0,0.0,<java.nio.file.Files$FileTypeDetectors: java.nio.file.spi.FileTypeDetector createDefaultFileTypeDetector()>
396,0.0,0.0,0.0,0.0,<sun.text.normalizer.CharacterIteratorWrapper: int current()>
397,0.25,0.25,0.25,0.25,"<java.util.TimSort: int gallopLeft(java.lang.Object,java.lang.Object[],int,int,int,java.util.Comparator)>"
398,0.25,0.25,0.25,0.25,<sun.security.ssl.SSLContextImpl: javax.net.ssl.X509TrustManager chooseTrustManager(javax.net.ssl.TrustManager[])>
399,0.25,0.25,0.25,0.25,"<sun.security.krb5.internal.crypto.HmacSha1Aes128CksumType: boolean verifyKeyedChecksum(byte[],int,byte[],byte[],int)>"
400,0.25,0.25,0.25,0.25,"<java.io.PrintWriter: java.lang.Appendable append(java.lang.CharSequence,int,int)>"
401,0.25,0.25,0.25,0.25,<java.util.concurrent.ThreadLocalRandom: java.util.concurrent.ThreadLocalRandom current()>
402,0.0,0.0,0.0,0.0,<sun.net.www.http.HttpClient: void openServer()>
403,0.0,0.0,0.0,0.0,<java.lang.Class: java.lang.annotation.Annotation[] getDeclaredAnnotations()>
404,0.0,0.0,0.0,1.0,<sun.net.ftp.impl.DefaultFtpClientProvider: sun.net.ftp.FtpClient createFtpClient()>
405,0.25,0.25,0.25,0.25,"<sun.security.krb5.internal.KerberosTime: boolean greaterThanWRTClockSkew(sun.security.krb5.internal.KerberosTime,int)>"
406,0.0,0.0,0.0,0.0,<java.net.HttpURLConnection: java.security.Permission getPermission()>
407,0.0,0.0,0.0,0.0,<sun.misc.URLClassPath: sun.misc.URLClassPath$Loader getLoader(int)>
408,0.25,0.25,0.25,0.25,"<sun.security.util.LegacyAlgorithmConstraints: boolean permits(java.util.Set,java.security.Key)>"
409,1.0,0.0,0.0,0.0,"<java.lang.CharacterDataLatin1: int digit(int,int)>"
410,0.0,0.0,0.0,0.0,<java.nio.DoubleBuffer: boolean equals(java.lang.Object)>
411,0.0,0.0,0.0,0.0,<sun.reflect.generics.reflectiveObjects.TypeVariableImpl: java.lang.String getName()>
412,0.0,0.0,0.0,0.0,<sun.util.calendar.BaseCalendar: int getGregorianYearFromFixedDate(long)>
413,0.0,0.0,0.0,0.0,<java.lang.System: java.util.Properties getProperties()>
414,0.0,0.0,0.0,0.0,<javax.naming.NameImpl: java.lang.String toString()>
415,0.0,0.0,0.0,0.0,<java.io.ObjectStreamClass$WeakClassKey: int hashCode()>
416,0.25,0.25,0.25,0.25,"<java.nio.DirectLongBufferRS: java.nio.LongBuffer put(int,long)>"
417,0.0,0.0,0.0,0.0,<sun.util.calendar.ZoneInfo: int getLastRawOffset()>
418,0.0,0.0,0.0,0.0,<java.util.Vector$ListItr: void add(java.lang.Object)>
419,0.0,0.0,0.0,0.0,<java.net.URI: java.lang.String getRawAuthority()>
420,0.0,0.0,0.0,0.0,<java.util.jar.JarVerifier: boolean nothingToVerify()>
421,0.0,0.0,0.0,0.0,"<sun.security.x509.AVAKeyword: java.lang.String getKeyword(sun.security.util.ObjectIdentifier,int,java.util.Map)>"
422,0.25,0.25,0.25,0.25,"<sun.misc.ExtensionDependency: boolean installExtension(sun.misc.ExtensionInfo,sun.misc.ExtensionInfo)>"
423,4.0,0.0,0.0,0.0,<sun.reflect.UnsafeStaticDoubleFieldAccessorImpl: float getFloat(java.lang.Object)>
424,4.0,0.0,0.0,0.0,<sun.reflect.UnsafeQualifiedStaticFloatFieldAccessorImpl: char getChar(java.lang.Object)>
425,0.25,0.25,0.25,0.25,<javax.crypto.Cipher$Transform: int supportsPadding(java.security.Provider$Service)>
426,0.0,0.0,0.0,0.0,<java.util.WeakHashMap$HashIterator: java.util.WeakHashMap$Entry nextEntry()>
427,0.25,0.25,0.25,0.25,"<sun.net.ProgressMeteringPolicy: boolean shouldMeterInput(java.net.URL,java.lang.String)>"
428,0.0,0.0,0.0,4.0,<sun.util.calendar.ImmutableGregorianDate: void setTimeOfDay(long)>
429,0.25,0.25,0.25,0.25,"<java.util.DualPivotQuicksort: void sort(byte[],int,int)>"
430,0.0,0.0,0.0,4.0,"<sun.reflect.UnsafeFloatFieldAccessorImpl: void setByte(java.lang.Object,byte)>"
431,0.25,0.25,0.25,0.25,<sun.security.ssl.EngineWriter: javax.net.ssl.SSLEngineResult$HandshakeStatus getOutboundData(java.nio.ByteBuffer)>
432,0.0,0.0,0.0,0.0,<sun.security.ssl.CloneableDigest: byte[] engineDigest()>
433,4.0,0.0,0.0,0.0,<java.nio.channels.SocketChannel: boolean connect(java.net.SocketAddress)>
434,0.0,0.0,0.0,0.0,<sun.security.krb5.internal.ccache.CCacheInputStream: long[] readTimes()>
435,4.0,0.0,0.0,0.0,<java.util.zip.ZipFile: boolean access$600(java.util.zip.ZipFile)>
436,0.25,0.25,0.25,0.25,"<javax.naming.spi.ContinuationContext: void bind(javax.naming.Name,java.lang.Object)>"
437,4.0,0.0,0.0,0.0,<java.security.Security: java.security.Provider[] getProviders(java.lang.String)>
438,0.0,0.0,0.0,0.0,<sun.reflect.UnsafeByteFieldAccessorImpl: int getInt(java.lang.Object)>
439,0.0,0.0,0.0,0.0,<java.net.PlainDatagramSocketImpl: void datagramSocketCreate()>
440,0.0,0.0,0.0,4.0,"<javax.crypto.ExemptionMechanismSpi: void engineInit(java.security.Key,java.security.spec.AlgorithmParameterSpec)>"
441,0.25,0.25,0.25,0.25,"<sun.nio.ch.Port$1: void onEvent(int,boolean)>"
442,0.0,0.0,0.0,4.0,<java.util.Properties: void enumerate(java.util.Hashtable)>
443,0.0,0.0,0.0,0.0,<java.util.concurrent.locks.ReentrantReadWriteLock$WriteLock: java.lang.String toString()>
444,0.25,0.25,0.25,0.25,"<sun.net.www.http.HttpClient: java.net.Proxy newHttpProxy(java.lang.String,int,java.lang.String)>"
445,0.0,0.0,0.0,0.0,<java.lang.Class: java.lang.Package getPackage()>
446,0.0,0.0,0.0,0.0,<java.nio.charset.Charset: java.lang.String toString()>
447,0.25,0.25,0.25,0.25,<java.lang.ProcessBuilder: java.lang.ProcessBuilder redirectOutput(java.io.File)>
448,0.0,0.0,4.0,0.0,<java.util.regex.Pattern$CharPropertyNames$10: boolean isSatisfiedBy(int)>
449,0.0,0.0,0.0,4.0,"<java.util.zip.Inflater: void setDictionary(byte[],int,int)>"
450,0.25,0.25,0.25,0.25,<sun.nio.ch.EPollPort$Event: sun.nio.ch.Port$PollableChannel channel()>
451,1.0,0.0,0.0,0.0,<java.io.ExpiringCache: int access$000(java.io.ExpiringCache)>
452,0.0,0.0,0.0,1.0,<sun.security.x509.CRLExtensions: void parseExtension(sun.security.x509.Extension)>
453,4.0,0.0,0.0,0.0,<sun.reflect.generics.factory.CoreReflectionFactory: java.lang.reflect.Type makeShort()>
454,0.0,0.0,0.0,4.0,<java.io.PrintWriter: void println(int)>
455,0.0,0.0,0.0,0.0,<sun.security.x509.NetscapeCertTypeExtension: boolean[] getKeyUsageMappedBits()>
456,0.25,0.25,0.25,0.25,<sun.net.www.ParseUtil: java.net.URL fileToEncodedURL(java.io.File)>
457,0.0,0.0,0.0,0.0,<java.lang.ref.Reference: boolean isEnqueued()>
458,0.0,0.0,0.0,0.0,<javax.security.auth.kerberos.KeyImpl: int hashCode()>
459,0.0,0.0,4.0,0.0,<java.util.regex.Pattern$CharPropertyNames$14: boolean isSatisfiedBy(int)>
460,0.0,0.0,0.0,0.0,<sun.nio.fs.UnixNativeDispatcher: int getgrnam0(long)>
461,0.0,0.0,0.0,0.0,<java.security.Provider: java.lang.String getEngineName(java.lang.String)>
462,0.25,0.25,0.25,0.25,"<java.net.URLClassLoader: java.lang.Package definePackage(java.lang.String,java.util.jar.Manifest,java.net.URL)>"
463,0.25,0.25,0.25,0.25,"<sun.security.ssl.SSLEngineImpl: void fatal(byte,java.lang.String)>"
464,0.0,0.0,1.0,0.0,"<java.net.SocksSocketImpl: void bindV4(java.io.InputStream,java.io.OutputStream,java.net.InetAddress,int)>"
465,0.0,0.0,1.0,0.0,<java.util.NavigableSet: java.util.Iterator descendingIterator()>
466,0.25,0.25,0.25,0.25,<java.util.Scanner: boolean hasNextInt(int)>
467,4.0,0.0,0.0,0.0,<java.io.UnixFileSystem: java.lang.String fromURIPath(java.lang.String)>
468,0.25,0.25,0.25,0.25,<java.util.ArrayList$SubList: java.util.Iterator iterator()>
469,0.0,0.0,0.0,0.0,<sun.security.ssl.OutputRecord: int availableDataBytes()>
470,0.0,0.0,0.0,4.0,<java.io.StringWriter: void write(java.lang.String)>
471,0.0,0.0,0.0,0.0,<sun.nio.ch.MembershipKeyImpl: java.net.NetworkInterface networkInterface()>
472,0.0,0.0,0.0,0.0,<java.io.DataInput: int skipBytes(int)>
473,0.0,0.0,0.0,0.0,<java.util.Vector: boolean containsAll(java.util.Collection)>
474,0.0,0.0,0.0,0.0,<java.lang.System$2: void invokeFinalize(java.lang.Object)>
475,0.0,0.0,0.0,0.0,<java.nio.file.DirectoryStream$Filter: boolean accept(java.lang.Object)>
476,0.0,0.0,0.0,0.0,<java.util.regex.Pattern: java.lang.String produceEquivalentAlternation(java.lang.String)>
477,0.0,0.0,0.0,0.0,"<java.net.SocksSocketImpl: void connect(java.net.SocketAddress,int)>"
478,0.0,0.0,0.0,0.0,<sun.net.www.URLConnection: java.lang.String getContentType()>
479,0.0,0.0,0.0,0.0,<org.w3c.dom.DocumentType: org.w3c.dom.NamedNodeMap getNotations()>
480,0.0,0.0,0.0,0.0,<sun.security.ssl.SSLContextImpl: javax.net.ssl.SSLParameters getDefaultClientSSLParams()>
481,0.25,0.25,0.25,0.25,"<java.util.Arrays: int binarySearch(short[],short)>"
482,0.0,0.0,0.0,0.0,"<sun.security.provider.X509Factory: void addToCache(sun.security.util.Cache,byte[],java.lang.Object)>"
483,0.0,0.0,0.0,0.0,<sun.security.x509.RFC822Name: java.lang.String getName()>
484,4.0,0.0,0.0,0.0,"<sun.security.provider.PolicyFile: java.security.cert.Certificate[] getCertificates(java.security.KeyStore,java.lang.String,sun.security.provider.PolicyFile$PolicyInfo)>"
485,0.0,0.0,0.0,4.0,<sun.nio.ch.DatagramSocketAdaptor$1: void send(java.net.DatagramPacket)>
486,0.0,0.0,0.0,1.0,"<sun.net.www.http.ChunkedOutputStream: void write(byte[],int,int)>"
487,0.25,0.25,0.25,0.25,"<java.util.Arrays: int binarySearch0(float[],int,int,float)>"
488,0.0,0.0,0.0,0.0,<sun.misc.URLClassPath$Loader$1: java.io.InputStream getInputStream()>
489,0.0,0.0,0.0,0.0,<java.io.PrintWriter: void print(java.lang.Object)>
490,0.25,0.25,0.25,0.25,<java.lang.ClassLoader$NativeLibrary: long find(java.lang.String)>
491,0.25,0.25,0.25,0.25,"<sun.security.ssl.AppInputStream: int read(byte[],int,int)>"
492,0.0,0.0,0.0,4.0,"<javax.crypto.Cipher: void init(int,java.security.Key,java.security.AlgorithmParameters)>"
493,0.25,0.25,0.25,0.25,"<sun.security.krb5.internal.KerberosTime: sun.security.krb5.internal.KerberosTime parse(sun.security.util.DerInputStream,byte,boolean)>"
494,0.25,0.25,0.25,0.25,"<sun.nio.ch.InheritedChannel$InheritedServerSocketChannelImpl: boolean translateReadyOps(int,int,sun.nio.ch.SelectionKeyImpl)>"
495,0.25,0.25,0.25,0.25,"<org.w3c.dom.DOMImplementation: org.w3c.dom.Document createDocument(java.lang.String,java.lang.String,org.w3c.dom.DocumentType)>"
496,0.0,0.0,0.0,0.0,<java.io.UnixFileSystem: char getPathSeparator()>
497,0.25,0.25,0.25,0.25,"<javax.security.auth.Subject: java.lang.Object doAs(javax.security.auth.Subject,java.security.PrivilegedAction)>"
498,0.0,0.0,0.0,0.0,<java.security.cert.PKIXParameters: boolean getPolicyQualifiersRejected()>
499,0.0,0.0,0.0,0.0,<sun.reflect.UnsafeObjectFieldAccessorImpl: boolean getBoolean(java.lang.Object)>
500,4.0,0.0,0.0,0.0,"<java.io.ObjectInputStream$GetField: float get(java.lang.String,float)>"
501,0.0,0.0,0.0,0.0,<sun.security.ssl.InputRecord: void close()>
502,0.0,0.0,0.0,0.0,<sun.net.www.protocol.http.HttpURLConnection: void authObj(java.lang.Object)>
503,0.0,0.0,0.0,0.0,<sun.security.ec.ECPublicKeyImpl: java.lang.String toString()>
504,0.25,0.25,0.25,0.25,<java.security.KeyFactorySpi: java.security.PublicKey engineGeneratePublic(java.security.spec.KeySpec)>
505,0.0,0.0,0.0,0.0,<sun.security.ssl.SSLContextImpl$TLS11Context: javax.net.ssl.SSLParameters getDefaultServerSSLParams()>
506,0.25,0.25,0.25,0.25,"<java.lang.StringBuffer: java.lang.AbstractStringBuilder insert(int,double)>"
507,0.0,0.0,0.0,0.0,<jdk.net.SocketFlow: long bandwidth()>
508,0.0,0.0,0.0,0.0,<sun.security.krb5.Checksum: byte[] getBytes()>
509,0.25,0.25,0.25,0.25,"<java.text.spi.DateFormatProvider: java.text.DateFormat getDateInstance(int,java.util.Locale)>"
510,0.0,0.0,0.0,0.0,<java.lang.ProcessEnvironment$StringEntry: java.lang.String setValue(java.lang.String)>
511,0.25,0.25,0.25,0.25,"<sun.util.calendar.CalendarDate: sun.util.calendar.CalendarDate setTimeOfDay(int,int,int,int)>"
512,0.25,0.25,0.25,0.25,"<java.math.BigDecimal: java.math.BigDecimal subtract(java.math.BigDecimal,java.math.MathContext)>"
513,0.0,0.0,0.0,0.0,<java.io.BufferedWriter: void flush()>
514,0.0,0.0,0.0,0.0,<java.security.AlgorithmParametersSpi: byte[] engineGetEncoded()>
515,0.0,0.0,0.0,0.0,<java.lang.CharacterData: boolean isIdeographic(int)>
516,0.0,0.0,0.0,0.0,<java.nio.DirectShortBufferS: boolean isReadOnly()>
517,0.0,0.0,0.0,0.0,<java.net.URISyntaxException: int getIndex()>
518,0.0,0.0,0.0,0.0,<java.lang.StrictMath: java.util.Random initRNG()>
519,0.0,0.0,0.0,0.0,<java.io.PrintWriter: void println()>
520,0.0,0.0,0.0,0.0,<java.util.Vector: void clear()>
521,0.0,0.0,0.0,0.0,<java.security.KeyStore$PasswordProtection: char[] getPassword()>
522,0.0,0.0,0.0,0.0,<java.lang.ProcessEnvironment$StringValues: void clear()>
523,0.0,0.0,0.0,0.0,<java.lang.CharacterDataLatin1: boolean isJavaIdentifierStart(int)>
524,0.0,0.0,0.0,0.0,<java.util.SimpleTimeZone: boolean observesDaylightTime()>
525,0.0,0.0,0.0,0.0,<java.io.ObjectStreamClass: java.io.ObjectStreamField[] getFields()>
526,0.25,0.25,0.25,0.25,<java.util.Collections: java.util.List synchronizedList(java.util.List)>
527,0.0,0.0,0.0,4.0,"<java.lang.reflect.Field: void setChar(java.lang.Object,char)>"
528,0.25,0.25,0.25,0.25,"<java.nio.StringCharBuffer: java.lang.CharSequence subSequence(int,int)>"
529,0.0,0.0,0.0,0.0,<java.util.BitSet: int nextClearBit(int)>
530,0.0,0.0,0.0,0.0,<java.io.ObjectOutputStream$BlockDataOutputStream: boolean getBlockDataMode()>
531,0.0,0.0,0.0,0.0,<sun.security.pkcs.SignerInfo: java.math.BigInteger getCertificateSerialNumber()>
532,0.0,0.0,0.0,0.0,<java.lang.CharacterData: boolean isJavaIdentifierStart(int)>
533,0.25,0.25,0.25,0.25,<java.nio.charset.Charset: java.nio.ByteBuffer encode(java.nio.CharBuffer)>
534,0.25,0.25,0.25,0.25,<sun.misc.Launcher$AppClassLoader: java.security.PermissionCollection getPermissions(java.security.CodeSource)>
535,0.0,0.0,0.0,0.0,<sun.security.util.MemoryCache$SoftCacheEntry: java.lang.Object getValue()>
536,0.0,0.0,0.0,0.0,<java.io.ObjectStreamField: java.lang.String getName()>
537,0.0,0.0,0.0,4.0,"<sun.nio.ch.DatagramSocketAdaptor$1: void setOption(int,java.lang.Object)>"
538,0.0,0.0,0.0,0.0,<java.lang.reflect.WeakCache$LookupValue: java.lang.Object get()>
539,0.0,0.0,0.0,0.0,<java.nio.file.WatchKey: boolean reset()>
540,0.0,0.0,0.0,0.0,<sun.security.x509.GeneralSubtrees: void add(sun.security.x509.GeneralSubtree)>
541,4.0,0.0,0.0,0.0,<sun.misc.LRUCache: java.lang.Object create(java.lang.Object)>
542,0.0,0.0,0.0,0.0,<java.net.Socket$2: java.lang.Object run()>
543,0.0,0.0,0.0,0.0,<java.net.URI: int hashCode()>
544,0.0,0.0,0.0,4.0,<java.util.zip.ZipEntry: void setTime(long)>
545,0.25,0.25,0.25,0.25,"<sun.net.ftp.FtpClient: sun.net.ftp.FtpClient login(java.lang.String,char[])>"
546,0.25,0.25,0.25,0.25,"<sun.nio.ch.Net: void bind0(java.io.FileDescriptor,boolean,boolean,java.net.InetAddress,int)>"
547,4.0,0.0,0.0,0.0,<sun.security.util.ManifestEntryVerifier$SunProviderHolder: java.security.Provider access$000()>
548,0.25,0.25,0.25,0.25,<java.security.KeyStore: java.util.Enumeration aliases()>
549,0.0,0.0,0.0,0.0,"<sun.misc.Unsafe: boolean getBoolean(java.lang.Object,long)>"
550,1.0,0.0,0.0,0.0,<sun.misc.Perf: sun.misc.Perf access$000()>
551,0.25,0.25,0.25,0.25,"<sun.security.validator.EndEntityChecker: void checkTLSServer(java.security.cert.X509Certificate,java.lang.String)>"
552,0.0,0.0,0.0,1.0,<java.util.concurrent.ConcurrentHashMap: void writeObject(java.io.ObjectOutputStream)>
553,0.0,0.0,0.0,1.0,<java.nio.charset.CharsetEncoder: void implOnMalformedInput(java.nio.charset.CodingErrorAction)>
554,0.0,0.0,0.0,0.0,<java.util.concurrent.locks.ReentrantReadWriteLock$WriteLock: int getHoldCount()>
555,0.0,0.0,0.0,0.0,<sun.nio.ch.DatagramChannelImpl: int getFDVal()>
556,0.0,0.0,0.0,1.0,"<java.util.XMLUtils: void emitDocument(org.w3c.dom.Document,java.io.OutputStream,java.lang.String)>"
557,0.0,0.0,0.0,0.0,<sun.nio.fs.NativeBuffer: java.lang.Object owner()>
558,0.25,0.25,0.25,0.25,<sun.reflect.generics.parser.SignatureParser: sun.reflect.generics.tree.SimpleClassTypeSignature parseSimpleClassTypeSignature(boolean)>
559,0.25,0.25,0.25,0.25,"<java.text.DigitList: int parseInt(char[],int,int)>"
560,0.0,0.0,0.0,0.0,<java.nio.charset.CharsetDecoder: java.nio.charset.CodingErrorAction malformedInputAction()>
561,0.25,0.25,0.25,0.25,"<java.util.Locale: java.util.Locale getInstance(sun.util.locale.BaseLocale,sun.util.locale.LocaleExtensions)>"
562,0.0,0.0,0.0,0.0,<java.util.Collections$UnmodifiableSortedSet: java.lang.Object first()>
563,0.0,0.0,0.0,1.0,<java.security.UnresolvedPermissionCollection: void writeObject(java.io.ObjectOutputStream)>
564,0.0,0.0,0.0,0.0,<sun.net.www.protocol.http.HttpURLConnection: java.io.OutputStream getOutputStream()>
565,0.25,0.25,0.25,0.25,<java.lang.ProcessEnvironment$Variable: int compareTo(java.lang.ProcessEnvironment$Variable)>
566,0.25,0.25,0.25,0.25,<sun.reflect.annotation.AnnotationParser: sun.reflect.annotation.ExceptionProxy exceptionProxy(int)>
567,0.0,0.0,0.0,0.0,<sun.misc.URLClassPath$JarLoader$3: java.lang.Object run()>
568,0.0,0.0,0.0,0.0,<java.util.IdentityHashMap$KeySet: void clear()>
569,0.0,0.0,0.0,0.0,<sun.nio.fs.NativeBuffer: int size()>
570,0.0,0.0,0.0,0.0,<java.net.URLConnection: long getDate()>
571,0.0,0.0,0.0,0.0,<sun.nio.ch.SourceChannelImpl: void ensureOpen()>
572,0.0,0.0,0.0,0.0,<java.nio.charset.CoderResult: boolean isUnmappable()>
573,1.0,0.0,0.0,0.0,<java.io.ObjectStreamClass: void access$900(java.io.ObjectStreamClass)>
574,0.0,0.0,0.0,4.0,"<javax.crypto.Cipher: void init(int,java.security.Key,java.security.spec.AlgorithmParameterSpec)>"
575,0.0,0.0,0.0,0.0,<java.security.cert.PolicyQualifierInfo: byte[] getEncoded()>
576,0.0,0.0,0.0,1.0,<sun.misc.CharacterEncoder: java.lang.String encode(byte[])>
577,0.0,0.0,0.0,0.0,<javax.crypto.CipherSpi: int getTempArraySize(int)>
578,1.0,0.0,0.0,0.0,"<javax.naming.directory.DirContext: javax.naming.directory.DirContext createSubcontext(java.lang.String,javax.naming.directory.Attributes)>"
579,0.0,0.0,0.0,0.0,<java.net.URLConnection$1: java.lang.String getContentTypeFor(java.lang.String)>
580,0.0,0.0,0.0,0.0,<java.util.Deque: java.lang.Object pollFirst()>
581,0.0,0.0,0.0,0.0,<sun.nio.ch.EPoll: int dataOffset()>
582,0.0,0.0,0.0,4.0,<java.security.Signature: void initSign(java.security.PrivateKey)>
583,0.0,0.0,0.0,0.0,<java.util.HashMap$EntrySet: boolean contains(java.lang.Object)>
584,0.0,0.0,0.0,0.0,<java.util.Deque: java.lang.Object poll()>
585,0.0,0.0,0.0,0.0,<sun.reflect.ReflectionFactory: int inflationThreshold()>
586,1.0,0.0,0.0,0.0,<sun.nio.ch.SolarisEventPort: sun.misc.Unsafe access$100()>
587,0.0,0.0,0.0,4.0,<javax.xml.transform.stream.StreamResult: void setOutputStream(java.io.OutputStream)>
588,0.0,0.0,0.0,4.0,"<sun.security.provider.DigestBase: void engineUpdate(byte[],int,int)>"
589,0.0,0.0,0.0,0.0,<java.security.cert.PKIXParameters: java.util.Date getDate()>
590,0.0,0.0,0.0,0.0,"<java.net.SocksSocketImpl: void acceptFrom(java.net.SocketImpl,java.net.InetSocketAddress)>"
591,0.0,0.0,0.0,4.0,<java.text.ChoiceFormat: void applyPattern(java.lang.String)>
592,0.25,0.25,0.25,0.25,"<java.util.TreeMap: void buildFromSorted(int,java.util.Iterator,java.io.ObjectInputStream,java.lang.Object)>"
593,0.25,0.25,0.25,0.25,"<java.util.jar.JavaUtilJarAccessImpl: java.security.CodeSource getCodeSource(java.util.jar.JarFile,java.net.URL,java.lang.String)>"
594,0.25,0.25,0.25,0.25,<javax.naming.Context: javax.naming.NamingEnumeration list(javax.naming.Name)>
595,1.0,0.0,0.0,0.0,"<sun.misc.Service: void access$200(java.lang.Class,java.lang.String,java.lang.Throwable)>"
596,0.0,0.0,0.0,0.0,<java.util.Collections$UnmodifiableSet: boolean equals(java.lang.Object)>
597,0.0,0.0,0.0,0.0,<sun.nio.ByteBuffered: java.nio.ByteBuffer getByteBuffer()>
598,0.0,0.0,0.0,0.0,<java.net.SocksSocketImpl$2: java.lang.Object run()>
599,0.25,0.25,0.25,0.25,<sun.net.www.http.KeepAliveCache: java.lang.Thread access$000(sun.net.www.http.KeepAliveCache)>
600,0.0,0.0,4.0,0.0,<java.lang.reflect.Modifier: boolean isInterface(int)>
601,0.25,0.25,0.25,0.25,<java.lang.StringBuilder: java.lang.AbstractStringBuilder append(java.lang.StringBuffer)>
602,0.0,0.0,0.0,0.0,<sun.security.util.DerValue: int length()>
603,0.25,0.25,0.25,0.25,<java.nio.HeapIntBufferR: java.nio.IntBuffer duplicate()>
604,0.0,0.0,0.0,4.0,<java.util.zip.Checksum: void update(int)>
605,0.25,0.25,0.25,0.25,<sun.security.provider.certpath.X509CertPath: java.util.List parsePKIPATH(java.io.InputStream)>
606,0.25,0.25,0.25,0.25,<java.util.concurrent.AbstractExecutorService: java.util.concurrent.RunnableFuture newTaskFor(java.util.concurrent.Callable)>
607,0.0,0.0,0.0,0.0,<java.nio.charset.Charset: java.nio.charset.Charset defaultCharset()>
608,0.0,0.0,0.0,0.0,<sun.security.krb5.internal.crypto.DesCbcEType: int keyType()>
609,0.0,0.0,0.0,0.0,<sun.nio.fs.UnixSecureDirectoryStream$PosixFileAttributeViewImpl: java.nio.file.attribute.UserPrincipal getOwner()>
610,0.0,0.0,0.0,0.0,<java.util.ArrayDeque: boolean isEmpty()>
611,0.25,0.25,0.25,0.25,<sun.security.x509.X500Name: int constrains(sun.security.x509.GeneralNameInterface)>
612,0.25,0.25,0.25,0.25,<java.lang.ClassValue: java.lang.ClassValue$Entry[] getCacheCarefully(java.lang.Class)>
613,0.0,0.0,0.0,0.0,<javax.crypto.CryptoPermissionCollection: void add(java.security.Permission)>
614,1.0,0.0,0.0,0.0,"<java.lang.UNIXProcess: int forkAndExec(int,byte[],byte[],byte[],int,byte[],int,byte[],int[],boolean)>"
615,0.0,0.0,0.0,4.0,"<java.security.KeyPairGeneratorSpi: void initialize(int,java.security.SecureRandom)>"
616,0.0,0.0,0.0,0.0,<sun.util.logging.LoggingSupport$2: java.lang.String run()>
617,0.0,0.0,0.0,0.0,<java.nio.Buffer: void truncate()>
618,0.0,0.0,0.0,0.0,<java.lang.Float: boolean isInfinite()>
619,0.0,0.0,0.0,0.0,<sun.security.krb5.internal.HostAddress: java.net.InetAddress getInetAddress()>
620,0.0,0.0,0.0,4.0,<java.security.SignatureSpi: void engineUpdate(java.nio.ByteBuffer)>
621,0.25,0.25,0.25,0.25,"<javax.crypto.Cipher: int update(java.nio.ByteBuffer,java.nio.ByteBuffer)>"
622,0.25,0.25,0.25,0.25,<sun.misc.Unsafe: java.lang.Object staticFieldBase(java.lang.Class)>
623,0.0,0.0,0.0,4.0,<java.security.cert.X509CertSelector: void setPathToNames(java.util.Collection)>
624,0.0,0.0,0.0,0.0,<java.lang.ThreadLocal$ThreadLocalMap: void rehash()>
625,0.25,0.25,0.25,0.25,<java.nio.DirectIntBufferS: java.nio.IntBuffer put(java.nio.IntBuffer)>
626,0.0,0.0,0.0,0.0,<sun.util.calendar.Gregorian: sun.util.calendar.CalendarDate newCalendarDate()>
627,0.25,0.25,0.25,0.25,"<java.nio.file.Files: java.nio.file.Path createFile(java.nio.file.Path,java.nio.file.attribute.FileAttribute[])>"
628,0.0,0.0,0.0,0.0,<java.security.KeyStore$Builder$2$1: java.lang.Object run()>
629,0.25,0.25,0.25,0.25,"<java.text.DecimalFormat: void appendAffix(java.lang.StringBuffer,java.lang.String,boolean)>"
630,4.0,0.0,0.0,0.0,<java.util.NavigableMap: java.lang.Object lowerKey(java.lang.Object)>
631,0.0,0.0,0.0,0.0,<sun.security.x509.OtherName: boolean equals(java.lang.Object)>
632,0.0,0.0,0.0,1.0,<sun.security.ssl.OutputRecord: void V3toV2ClientHello(byte[])>
633,0.0,0.0,0.0,0.0,<sun.net.ExtendedOptionsImpl$1: java.lang.Object run()>
634,1.0,0.0,0.0,0.0,"<sun.misc.ProxyGenerator: void access$1300(sun.misc.ProxyGenerator,int,java.io.DataOutputStream)>"
635,0.0,0.0,0.0,0.0,<java.security.Security: java.lang.Class getSpiClass(java.lang.String)>
636,0.0,0.0,0.0,0.0,<java.text.MessageFormat: java.text.Format[] getFormats()>
637,0.0,0.0,0.0,0.0,<sun.security.x509.AVA: sun.security.util.ObjectIdentifier getObjectIdentifier()>
638,0.0,0.0,0.0,0.0,<java.lang.CharacterData01: int getProperties(int)>
639,0.25,0.25,0.25,0.25,"<sun.nio.ch.Invoker: boolean mayInvokeDirect(sun.nio.ch.Invoker$GroupAndInvokeCount,sun.nio.ch.AsynchronousChannelGroupImpl)>"
640,0.0,0.0,0.0,0.0,<sun.security.ssl.HandshakeMessage$ClientHello: void addRenegotiationInfoExtension(byte[])>
641,0.0,0.0,0.0,0.0,<java.util.Collections$CopiesList: java.lang.Object[] toArray()>
642,0.0,0.0,0.0,0.0,<java.util.TreeMap$NavigableSubMap$SubMapIterator: boolean hasNext()>
643,0.0,0.0,0.0,1.0,"<javax.naming.directory.DirContext: void modifyAttributes(java.lang.String,int,javax.naming.directory.Attributes)>"
644,0.0,0.0,0.0,0.0,<java.security.cert.CertPathValidatorException: void readObject(java.io.ObjectInputStream)>
645,0.0,0.0,0.0,4.0,"<sun.reflect.UnsafeStaticIntegerFieldAccessorImpl: void setBoolean(java.lang.Object,boolean)>"
646,0.25,0.25,0.25,0.25,<java.lang.StringBuilder: java.lang.StringBuilder append(java.lang.StringBuffer)>
647,0.25,0.25,0.25,0.25,<java.lang.AbstractStringBuilder: java.lang.AbstractStringBuilder deleteCharAt(int)>
648,0.0,0.0,4.0,0.0,"<java.nio.Bits: void putShortL(long,short)>"
649,0.0,0.0,0.0,0.0,<sun.misc.URLClassPath$Loader: java.net.URL[] getClassPath()>
650,0.0,0.0,0.0,0.0,<java.util.Calendar: void updateTime()>
651,0.0,0.0,0.0,0.0,<javax.crypto.ExemptionMechanismSpi: byte[] engineGenExemptionBlob()>
652,0.0,0.0,0.0,0.0,<javax.security.cert.X509Certificate: java.security.Principal getSubjectDN()>
653,0.0,0.0,0.0,4.0,"<sun.security.krb5.internal.crypto.DesCbcMd5EType: byte[] encrypt(byte[],byte[],byte[],int)>"
654,0.0,0.0,4.0,0.0,<java.security.cert.CRL: boolean isRevoked(java.security.cert.Certificate)>
655,1.0,0.0,0.0,0.0,<java.nio.StringCharBuffer: java.nio.CharBuffer slice()>
656,0.0,0.0,0.0,0.0,<java.io.FileInputStream: void finalize()>
657,0.25,0.25,0.25,0.25,<java.nio.ByteBufferAsShortBufferB: java.nio.ShortBuffer duplicate()>
658,0.0,0.0,0.0,4.0,"<sun.net.www.http.HttpClient: void openServer(java.lang.String,int)>"
659,0.0,0.0,0.0,0.0,<java.text.SimpleDateFormat: boolean equals(java.lang.Object)>
660,4.0,0.0,0.0,0.0,<javax.naming.spi.ContinuationContext: javax.naming.Context createSubcontext(javax.naming.Name)>
661,0.0,0.0,0.0,0.0,"<java.lang.String: boolean regionMatches(boolean,int,java.lang.String,int,int)>"
662,0.0,0.0,0.0,0.0,<java.util.concurrent.TimeUnit$7: long toNanos(long)>
663,0.0,0.0,0.0,0.0,<sun.security.ssl.RSASignature: byte[] getDigest()>
664,0.0,0.0,0.0,0.0,<sun.security.krb5.Credentials: void ensureLoaded()>
665,0.0,0.0,0.0,4.0,<sun.nio.fs.UnixSecureDirectoryStream$PosixFileAttributeViewImpl: void setGroup(java.nio.file.attribute.GroupPrincipal)>
666,0.0,0.0,0.0,0.0,<java.lang.ref.Finalizer$1: java.lang.Void run()>
667,0.0,0.0,0.0,4.0,"<sun.reflect.UnsafeStaticByteFieldAccessorImpl: void set(java.lang.Object,java.lang.Object)>"
668,0.0,0.0,0.0,0.0,<javax.security.auth.PrivateCredentialPermission: java.lang.String getCredentialClass()>
669,0.0,0.0,0.0,0.0,<sun.security.x509.X509CertImpl: byte[] getEncodedInternal()>
670,0.0,0.0,0.0,0.0,<sun.nio.fs.Cancellable: void run()>
671,0.25,0.25,0.25,0.25,"<java.nio.HeapCharBufferR: java.lang.CharSequence subSequence(int,int)>"
672,0.0,0.0,0.0,0.0,<sun.security.internal.spec.TlsKeyMaterialSpec: java.lang.String getFormat()>
673,0.25,0.25,0.25,0.25,<java.util.concurrent.locks.AbstractQueuedSynchronizer$ConditionObject: int checkInterruptWhileWaiting(java.util.concurrent.locks.AbstractQueuedSynchronizer$Node)>
674,0.25,0.25,0.25,0.25,"<org.w3c.dom.CharacterData: void deleteData(int,int)>"
675,0.0,0.0,4.0,0.0,<javax.xml.validation.TypeInfoProvider: boolean isIdAttribute(int)>
676,0.25,0.25,0.25,0.25,"<sun.nio.ch.FileChannelImpl: long transferToArbitraryChannel(long,int,java.nio.channels.WritableByteChannel)>"
677,0.0,0.0,0.0,0.0,<java.util.ArrayDeque: java.lang.Object peekFirst()>
678,0.25,0.25,0.25,0.25,"<javax.xml.parsers.DocumentBuilderFactory: javax.xml.parsers.DocumentBuilderFactory newInstance(java.lang.String,java.lang.ClassLoader)>"
679,0.0,0.0,0.0,0.0,<sun.nio.ch.PollSelectorProvider: java.nio.channels.Channel inheritedChannel()>
680,0.0,0.0,0.0,0.0,<java.util.Collections$1: boolean hasNext()>
681,0.0,0.0,0.0,4.0,<sun.security.ssl.SSLSocketImpl: void startHandshake(boolean)>
682,0.0,0.0,0.0,0.0,<sun.security.krb5.internal.TicketFlags: java.lang.String toString()>
683,4.0,0.0,0.0,0.0,<java.lang.Long: byte byteValue()>
684,0.25,0.25,0.25,0.25,"<sun.security.krb5.internal.crypto.dk.AesDkCrypto: int readBigEndian(byte[],int,int)>"
685,0.25,0.25,0.25,0.25,<java.nio.ByteBufferAsIntBufferRL: java.nio.IntBuffer asReadOnlyBuffer()>
686,0.0,0.0,0.0,0.0,<sun.nio.ch.AsynchronousChannelGroupImpl$4$1: java.lang.Void run()>
687,0.25,0.25,0.25,0.25,"<sun.misc.ExtensionDependency: boolean checkExtensionAgainstInstalled(java.lang.String,java.util.jar.Attributes)>"
688,4.0,0.0,0.0,0.0,"<sun.misc.URLClassPath$Loader: sun.misc.Resource getResource(java.lang.String,boolean)>"
689,4.0,0.0,0.0,0.0,<sun.util.logging.PlatformLogger: sun.util.logging.PlatformLogger getLogger(java.lang.String)>
690,0.0,0.0,0.0,4.0,"<javax.xml.validation.Validator: void setProperty(java.lang.String,java.lang.Object)>"
691,0.0,0.0,0.0,0.0,<sun.security.ssl.CipherSuite$PRF: int getPRFBlockSize()>
692,0.0,0.0,0.0,0.0,<java.util.concurrent.Executors$DelegatedExecutorService: void shutdown()>
693,4.0,0.0,0.0,0.0,<java.nio.CharBuffer: java.nio.CharBuffer slice()>
694,0.0,0.0,0.0,0.0,<sun.security.krb5.Credentials: sun.security.krb5.internal.TicketFlags getTicketFlags()>
695,0.0,0.0,0.0,0.0,<sun.security.krb5.internal.crypto.DesMacCksumType: int confounderSize()>
696,0.0,0.0,0.0,0.0,<sun.security.ec.NamedCurve: sun.security.util.ObjectIdentifier getObjectIdentifier()>
697,4.0,0.0,0.0,0.0,<java.util.LinkedHashMap: boolean access$000(java.util.LinkedHashMap)>
698,0.0,0.0,0.0,0.0,<sun.misc.VM: void initializeOSEnvironment()>
699,0.0,0.0,0.0,4.0,<sun.security.x509.AVA: void encode(sun.security.util.DerOutputStream)>
700,0.25,0.25,0.25,0.25,"<java.util.TreeMap: java.util.NavigableMap tailMap(java.lang.Object,boolean)>"
701,0.0,0.0,0.0,4.0,<java.util.concurrent.ConcurrentHashMap$HashEntry: void setNext(java.util.concurrent.ConcurrentHashMap$HashEntry)>
702,0.0,0.0,0.0,0.0,<java.nio.charset.CharsetDecoder: java.lang.String replacement()>
703,0.25,0.25,0.25,0.25,"<sun.security.krb5.internal.crypto.NullEType: byte[] decrypt(byte[],byte[],int)>"
704,0.0,0.0,4.0,0.0,<sun.misc.FpUtils: boolean isFinite(double)>
705,0.25,0.25,0.25,0.25,<sun.net.www.protocol.http.NegotiateAuthentication: byte[] nextToken(byte[])>
706,0.25,0.25,0.25,0.25,"<java.io.Reader: int read(char[],int,int)>"
707,1.0,0.0,0.0,0.0,<sun.security.provider.SecureRandom$SeederHolder: sun.security.provider.SecureRandom access$100()>
708,0.0,0.0,0.0,0.0,<java.nio.ByteBuffer: java.lang.String toString()>
709,0.25,0.25,0.25,0.25,<sun.misc.JavaUtilZipFileAccess: boolean startsWithLocHeader(java.util.zip.ZipFile)>
710,0.0,0.0,0.0,0.0,<javax.crypto.CryptoPermission: java.security.PermissionCollection newPermissionCollection()>
711,4.0,0.0,0.0,0.0,"<java.nio.DirectByteBufferR: java.nio.ByteBuffer putFloat(int,float)>"
712,0.25,0.25,0.25,0.25,<java.util.concurrent.ConcurrentLinkedQueue$Node: void lazySetNext(java.util.concurrent.ConcurrentLinkedQueue$Node)>
713,4.0,0.0,0.0,0.0,"<java.nio.DirectFloatBufferU: java.nio.FloatBuffer get(float[],int,int)>"
714,0.0,0.0,0.0,0.0,<java.util.concurrent.ThreadPoolExecutor$Worker: void lock()>
715,0.0,0.0,0.0,0.0,<java.util.WeakHashMap$Entry: java.lang.String toString()>
716,0.0,0.0,0.0,0.0,<sun.net.www.protocol.http.NegotiateAuthentication: boolean supportsPreemptiveAuthorization()>
717,0.0,0.0,0.0,0.0,<sun.misc.SharedSecrets: sun.misc.JavaxSecurityAuthKerberosAccess getJavaxSecurityAuthKerberosAccess()>
718,0.25,0.25,0.25,0.25,"<java.util.Locale: java.lang.String formatList(java.lang.String[],java.lang.String,java.lang.String)>"
719,0.0,0.0,0.0,0.0,<sun.net.NetworkClient: void setReadTimeout(int)>
720,0.25,0.25,0.25,0.25,<sun.security.ssl.TrustManagerFactoryImpl$SimpleFactory: javax.net.ssl.X509TrustManager getInstance(java.security.KeyStore)>
721,0.0,0.0,0.0,0.0,<sun.security.ssl.SSLContextImpl$ConservativeSSLContext: javax.net.ssl.SSLParameters getDefaultServerSSLParams()>
722,0.25,0.25,0.25,0.25,"<java.nio.DirectShortBufferU: java.nio.ShortBuffer get(short[],int,int)>"
723,0.0,0.0,0.0,1.0,"<sun.nio.ch.Net: void translateException(java.lang.Exception,boolean)>"
724,0.0,0.0,0.0,0.0,<java.util.Currency: int getDefaultFractionDigits()>
725,4.0,0.0,0.0,0.0,"<java.util.concurrent.BlockingDeque: java.lang.Object poll(long,java.util.concurrent.TimeUnit)>"
726,0.25,0.25,0.25,0.25,<java.util.concurrent.ScheduledThreadPoolExecutor$ScheduledFutureTask: boolean cancel(boolean)>
727,0.0,0.0,0.0,0.0,<java.nio.DirectDoubleBufferS: sun.misc.Cleaner cleaner()>
728,0.0,0.0,0.0,0.0,<sun.util.calendar.LocalGregorianCalendar$Date: java.lang.String toString()>
729,0.0,0.0,0.0,0.0,<java.util.concurrent.ThreadPoolExecutor: int workerCountOf(int)>
730,0.0,0.0,0.0,0.0,<sun.util.resources.LocaleData$1: java.util.ResourceBundle run()>
731,0.0,0.0,0.0,4.0,<java.math.BigDecimal: float floatValue()>
732,0.25,0.25,0.25,0.25,"<sun.reflect.annotation.AnnotationParser: java.lang.Object parseArray(java.lang.Class,java.nio.ByteBuffer,sun.reflect.ConstantPool,java.lang.Class)>"
733,0.25,0.25,0.25,0.25,<java.nio.channels.ServerSocketChannel: java.net.ServerSocket socket()>
734,0.0,0.0,0.0,0.0,<java.text.ParsePosition: boolean equals(java.lang.Object)>
735,0.0,0.0,0.0,0.0,<sun.util.calendar.ImmutableGregorianDate: sun.util.calendar.CalendarDate setMonth(int)>
736,0.0,0.0,1.0,0.0,<sun.security.krb5.internal.KerberosTime: long toKerberosTime(java.lang.String)>
737,4.0,0.0,0.0,0.0,<java.util.Formatter$FormatSpecifier$BigDecimalLayout: char[] exponent()>
738,0.0,0.0,0.0,0.0,<sun.reflect.UnsafeFieldAccessorImpl: java.lang.IllegalArgumentException newGetLongIllegalArgumentException()>
739,0.0,0.0,0.0,0.0,<java.security.KeyStore$TrustedCertificateEntry: java.security.cert.Certificate getTrustedCertificate()>
740,0.25,0.25,0.25,0.25,"<java.lang.StringBuffer: int offsetByCodePoints(int,int)>"
741,0.0,0.0,0.0,0.0,<java.net.InetAddress: boolean isMulticastAddress()>
742,1.0,0.0,0.0,0.0,<java.lang.Thread: int enumerate(java.lang.Thread[])>
743,0.25,0.25,0.25,0.25,"<java.util.Collections: java.util.SortedMap checkedSortedMap(java.util.SortedMap,java.lang.Class,java.lang.Class)>"
744,0.0,0.0,0.0,0.0,<java.text.RBTableBuilder: void commit()>
745,0.0,0.0,0.0,0.0,<java.text.AttributeEntry: java.lang.String toString()>
746,0.0,0.0,0.0,4.0,"<sun.misc.HexDumpEncoder: void encodeLinePrefix(java.io.OutputStream,int)>"
747,1.0,0.0,0.0,0.0,<java.nio.charset.CoderResult$2: java.nio.charset.CoderResult create(int)>
748,0.0,0.0,0.0,0.0,<java.io.ObjectInputStream$BlockDataInputStream: int skipBytes(int)>
749,0.0,0.0,0.0,0.0,<sun.nio.ch.SocketChannelImpl: boolean finishConnect()>
750,0.0,0.0,0.0,0.0,<sun.misc.URLClassPath$Loader: java.net.URL getBaseURL()>
751,4.0,0.0,0.0,0.0,<java.util.ResourceBundle$RBClassLoader: java.net.URL getResource(java.lang.String)>
752,0.25,0.25,0.25,0.25,"<java.nio.Bits$1: java.nio.ByteBuffer newDirectByteBuffer(long,int,java.lang.Object)>"
753,0.25,0.25,0.25,0.25,"<sun.security.jca.GetInstance: sun.security.jca.GetInstance$Instance getInstance(java.lang.String,java.lang.Class,java.lang.String)>"
754,4.0,0.0,0.0,0.0,<javax.naming.directory.DirContext: javax.naming.directory.DirContext getSchemaClassDefinition(java.lang.String)>
755,0.25,0.25,0.25,0.25,"<sun.net.www.http.HttpCaptureInputStream: int read(byte[],int,int)>"
756,0.25,0.25,0.25,0.25,"<java.lang.Double: int compare(double,double)>"
757,0.0,0.0,0.0,0.0,<java.util.Arrays: java.lang.String toString(short[])>
758,0.0,0.0,1.0,0.0,<java.nio.file.FileSystems$DefaultFileSystemHolder: java.nio.file.FileSystem defaultFileSystem()>
759,0.0,0.0,0.0,4.0,"<java.net.Inet6Address$Inet6AddressHolder: void init(byte[],int)>"
760,0.0,0.0,0.0,0.0,<sun.security.jca.ProviderList$ServiceList: int size()>
761,0.0,0.0,0.0,4.0,<sun.nio.cs.StandardCharsets$Classes: void init(java.lang.Object[])>
762,0.0,0.0,0.0,0.0,<sun.nio.ch.SocketAdaptor: java.io.InputStream getInputStream()>
763,0.25,0.25,0.25,0.25,"<com.sun.naming.internal.VersionHelper: javax.naming.NamingEnumeration getResources(java.lang.ClassLoader,java.lang.String)>"
764,1.0,0.0,0.0,0.0,<sun.nio.ch.KQueuePort: int access$100(sun.nio.ch.KQueuePort)>
765,0.0,0.0,0.0,1.0,<java.io.FilePermission: void writeObject(java.io.ObjectOutputStream)>
766,0.0,0.0,0.0,0.0,<java.lang.SecurityManager: void checkPermission(java.security.Permission)>
767,0.0,0.0,0.0,0.0,"<java.security.cert.X509CertSelector: void addSubjectAlternativeName(int,byte[])>"
768,0.0,0.0,0.0,0.0,"<sun.net.www.URLConnection: void addRequestProperty(java.lang.String,java.lang.String)>"
769,0.0,0.0,0.0,0.0,<sun.misc.URLClassPath$2: java.lang.Object nextElement()>
770,0.0,0.0,0.0,0.0,<java.nio.DirectCharBufferS: long address()>
771,0.25,0.25,0.25,0.25,<java.nio.channels.DatagramChannel: java.nio.channels.NetworkChannel bind(java.net.SocketAddress)>
772,0.0,0.0,0.0,0.0,<javax.naming.CompositeName: boolean isEmpty()>
773,4.0,0.0,0.0,0.0,<java.io.ObjectOutputStream$HandleTable: int assign(java.lang.Object)>
774,0.0,0.0,0.0,0.0,<sun.security.provider.PolicyFile$5: java.lang.Object run()>
775,0.25,0.25,0.25,0.25,<java.lang.StrictMath: double cosh(double)>
776,0.0,0.0,0.0,0.0,<sun.nio.fs.UnixNativeDispatcher: void fclose(long)>
777,0.25,0.25,0.25,0.25,<java.util.XMLUtils$EH: void warning(org.xml.sax.SAXParseException)>
778,0.0,0.0,0.0,0.0,<sun.reflect.UnsafeFieldAccessorImpl: java.lang.IllegalArgumentException newGetFloatIllegalArgumentException()>
779,0.0,0.0,0.0,4.0,<java.util.concurrent.ThreadPoolExecutor: void interruptIdleWorkers(boolean)>
780,0.0,0.0,0.0,0.0,<sun.security.ssl.DHCrypt$ParametersHolder$1: java.lang.Object run()>
781,0.0,0.0,1.0,0.0,<java.util.zip.ZipEntry: long javaToDosTime(long)>
782,0.0,0.0,0.0,0.0,"<java.math.BigDecimal: java.lang.String getValueString(int,java.lang.String,int)>"
783,0.0,0.0,0.0,0.0,<sun.security.ec.NamedCurve: byte[] getEncoded()>
784,0.0,0.0,0.0,4.0,<sun.security.ssl.HandshakeHash: void setCertificateVerifyAlg(java.lang.String)>
785,0.0,0.0,0.0,4.0,"<sun.security.ssl.ServerHandshaker: void processMessage(byte,int)>"
786,0.0,0.0,0.0,0.0,<java.math.BigInteger: int firstNonzeroIntNum()>
787,0.0,0.0,0.0,4.0,"<sun.util.logging.PlatformLogger: void severe(java.lang.String,java.lang.Object[])>"
788,0.0,0.0,0.0,4.0,<java.util.Calendar: void setTimeZone(java.util.TimeZone)>
789,0.0,0.0,0.0,0.0,<sun.reflect.ConstantPool: long getLongAt(int)>
790,0.0,0.0,0.0,0.0,<java.math.BigDecimal: int precision()>
791,0.0,0.0,0.0,0.0,<java.util.Formatter$Flags: int valueOf()>
792,0.0,0.0,0.0,0.0,<java.util.HashMap: void init()>
793,0.25,0.25,0.25,0.25,"<sun.security.provider.ByteArrayAccess: void i2bBig4(int,byte[],int)>"
794,0.25,0.25,0.25,0.25,"<java.lang.StringBuffer: java.lang.AbstractStringBuilder insert(int,char[],int,int)>"
795,0.0,0.0,0.0,0.0,<java.util.ArrayList$SubList$1: java.lang.Object previous()>
796,0.25,0.25,0.25,0.25,<java.lang.String: int lastIndexOf(java.lang.String)>
797,0.0,0.0,0.0,0.0,<sun.misc.URLClassPath$JarLoader: void parseExtensionsDependencies()>
798,0.0,0.0,0.0,0.0,<java.util.TreeMap$SubMap: java.lang.Object firstKey()>
799,0.25,0.25,0.25,0.25,"<sun.misc.SoftCache$ValueCell: sun.misc.SoftCache$ValueCell create(java.lang.Object,java.lang.Object,java.lang.ref.ReferenceQueue)>"
800,0.0,0.0,0.0,0.0,<sun.security.ssl.HandshakeMessage$DH_ServerKeyExchange: java.math.BigInteger getServerPublicKey()>
801,4.0,0.0,0.0,0.0,<sun.reflect.generics.factory.CoreReflectionFactory: java.lang.reflect.Type makeInt()>
802,0.0,0.0,0.0,0.0,<java.lang.Long: java.lang.String toString(long)>
803,0.0,0.0,0.0,0.0,<javax.naming.Reference: java.lang.String toString()>
804,0.0,0.0,0.0,0.0,<java.util.concurrent.Executors$PrivilegedThreadFactory$1$1: java.lang.Object run()>
805,1.0,0.0,0.0,0.0,<javax.naming.spi.ContinuationContext: javax.naming.NamingEnumeration listBindings(java.lang.String)>
806,0.25,0.25,0.25,0.25,<java.util.TreeSet: java.util.Iterator iterator()>
807,0.0,0.0,0.0,4.0,<org.w3c.dom.CharacterData: void setData(java.lang.String)>
808,0.25,0.25,0.25,0.25,"<sun.nio.cs.ArrayDecoder: int decode(byte[],int,int,char[])>"
809,0.0,0.0,0.0,4.0,<org.clyze.JInfoFlowBench.events.NewEntityEvent: void setId(java.lang.String)>
810,0.0,0.0,0.0,0.0,<java.util.regex.Matcher: java.util.regex.MatchResult toMatchResult()>
811,0.0,0.0,0.0,0.0,<java.net.URI: java.lang.String getFragment()>
812,0.0,0.0,0.0,0.0,<javax.naming.NamingException: javax.naming.Name getRemainingName()>
813,0.0,0.0,0.0,4.0,<sun.reflect.UnsafeFieldAccessorImpl: void throwSetIllegalArgumentException(boolean)>
814,0.0,0.0,0.0,0.0,<sun.util.locale.BaseLocale$Key: int hashCode()>
815,0.0,0.0,0.0,0.0,<sun.security.ssl.X509TrustManagerImpl: void showTrustedCerts()>
816,0.0,0.0,0.0,4.0,"<java.security.KeyStore: void setKeyEntry(java.lang.String,java.security.Key,char[],java.security.cert.Certificate[])>"
817,0.0,0.0,0.0,0.0,<sun.security.ssl.SSLEngineImpl: java.lang.String[] getSupportedProtocols()>
818,0.0,0.0,0.0,0.0,<java.security.cert.CertPathValidator$1: java.lang.Object run()>
819,0.0,0.0,0.0,0.0,<java.util.Collections$SynchronizedCollection: boolean addAll(java.util.Collection)>
820,0.0,0.0,0.0,0.0,<sun.security.provider.SunEntries$1: java.lang.Object run()>
821,0.25,0.25,0.25,0.25,<java.io.Console: char[] access$100(java.io.Console)>
822,0.0,0.0,0.0,4.0,<java.io.PrintWriter: void println(boolean)>
823,0.0,0.0,0.0,0.0,<java.util.TreeMap$NavigableSubMap$SubMapKeyIterator: void remove()>
824,4.0,0.0,0.0,0.0,<java.net.URL: java.net.URLStreamHandler getURLStreamHandler(java.lang.String)>
825,0.0,0.0,0.0,4.0,"<sun.nio.ch.Reflect: void setInt(java.lang.Object,java.lang.reflect.Field,int)>"
826,0.0,0.0,0.0,0.0,<sun.security.x509.X500Name: java.lang.String getState()>
827,0.0,0.0,0.0,0.0,<sun.reflect.generics.tree.FormalTypeParameter: sun.reflect.generics.tree.FieldTypeSignature[] getBounds()>
828,0.0,0.0,0.0,0.0,<java.net.DatagramSocket: java.net.SocketAddress getRemoteSocketAddress()>
829,0.0,0.0,0.0,0.0,<java.lang.Class: java.lang.reflect.Constructor[] getDeclaredConstructors()>
830,0.0,0.0,0.0,0.0,<sun.net.ftp.FtpDirEntry: long getSize()>
831,0.25,0.25,0.25,0.25,<java.lang.Thread$State: java.lang.Thread$State valueOf(java.lang.String)>
832,0.25,0.25,0.25,0.25,"<sun.nio.fs.UnixFileAttributes: sun.nio.fs.UnixFileAttributes get(int,sun.nio.fs.UnixPath,boolean)>"
833,0.0,0.0,0.0,0.0,"<java.io.FileSystem: boolean rename(java.io.File,java.io.File)>"
834,0.0,0.0,0.0,0.0,<java.security.CodeSigner: void readObject(java.io.ObjectInputStream)>
835,0.0,0.0,0.0,0.0,<java.nio.ShortBuffer: short get(int)>
836,0.25,0.25,0.25,0.25,"<sun.reflect.annotation.AnnotationParser: void skipMemberValue(int,java.nio.ByteBuffer)>"
837,0.0,0.0,0.0,4.0,<java.security.MessageDigest: void update(byte[])>
838,0.0,0.0,0.0,0.0,<sun.security.krb5.internal.ccache.Credentials: boolean isValid()>
839,0.0,0.0,0.0,0.0,<java.lang.StringBuilder: void ensureCapacity(int)>
840,0.0,0.0,0.0,0.0,<sun.nio.fs.UnixFileAttributes: int gid()>
841,0.25,0.25,0.25,0.25,"<sun.nio.ch.DatagramChannelImpl: long read(java.nio.ByteBuffer[],int,int)>"
842,0.0,0.0,0.0,0.0,<java.net.URI: java.lang.String getRawPath()>
843,0.0,0.0,1.0,0.0,<java.io.StringReader: long skip(long)>
844,0.0,0.0,0.0,0.0,"<sun.misc.Unsafe: long getLong(java.lang.Object,long)>"
845,0.0,0.0,4.0,0.0,<java.util.WeakHashMap$EntrySet: java.lang.Object[] toArray(java.lang.Object[])>
846,0.0,0.0,0.0,0.0,<sun.nio.cs.US_ASCII: java.nio.charset.CharsetDecoder newDecoder()>
847,0.25,0.25,0.25,0.25,<java.nio.ByteBufferAsShortBufferL: java.nio.ShortBuffer duplicate()>
848,0.0,0.0,0.0,0.0,<java.nio.DoubleBuffer: java.lang.String toString()>
849,0.0,0.0,0.0,0.0,<sun.util.calendar.ImmutableGregorianDate: int getMinutes()>
850,1.0,0.0,0.0,0.0,"<java.nio.HeapDoubleBufferR: java.nio.DoubleBuffer put(int,double)>"
851,0.0,0.0,0.0,0.0,"<java.security.cert.X509CertSelector: void addPathToName(int,byte[])>"
852,0.0,0.0,0.0,0.0,<javax.naming.spi.ResolveResult: java.lang.Object getResolvedObj()>
853,1.0,0.0,0.0,0.0,"<sun.net.www.protocol.http.AuthCacheImpl: sun.net.www.protocol.http.AuthCacheValue get(java.lang.String,java.lang.String)>"
854,0.0,0.0,0.0,0.0,<sun.net.www.protocol.file.FileURLConnection: long getLastModified()>
855,0.25,0.25,0.25,0.25,<java.security.CodeSource: boolean implies(java.security.CodeSource)>
856,0.25,0.25,0.25,0.25,<sun.net.util.IPAddressUtil: byte[] textToNumericFormatV6(java.lang.String)>
857,0.25,0.25,0.25,0.25,<java.lang.Iterable: java.util.Iterator iterator()>
858,0.0,0.0,0.0,0.0,<java.util.Collections$CheckedCollection: int size()>
859,0.25,0.25,0.25,0.25,<java.io.File: java.io.File[] listFiles(java.io.FilenameFilter)>
860,0.0,0.0,0.0,0.0,<java.util.Scanner: boolean hasNextBoolean()>
861,0.0,0.0,0.0,0.0,<sun.net.www.protocol.http.HttpURLConnection: java.lang.String getHeaderFieldKey(int)>
862,1.0,0.0,0.0,0.0,"<sun.security.provider.PolicyFile: void access$500(sun.security.provider.PolicyFile,sun.security.provider.PolicyFile$PolicyInfo)>"
863,0.25,0.25,0.25,0.25,<sun.nio.ch.Util: java.lang.reflect.Constructor access$302(java.lang.reflect.Constructor)>
864,0.25,0.25,0.25,0.25,<java.util.TreeMap$NavigableSubMap: java.util.TreeMap$Entry absLower(java.lang.Object)>
865,0.0,0.0,0.0,0.0,<java.net.Socket: void shutdownInput()>
866,0.0,0.0,0.0,0.0,<sun.misc.ProxyGenerator$ConstantPool$IndirectEntry: int hashCode()>
867,0.0,0.0,0.0,0.0,<sun.util.ResourceBundleEnumeration: java.lang.String nextElement()>
868,0.25,0.25,0.25,0.25,"<sun.security.util.LegacyAlgorithmConstraints: boolean permits(java.util.Set,java.lang.String,java.security.Key,java.security.AlgorithmParameters)>"
869,0.0,0.0,0.0,0.0,<java.lang.Class: java.lang.String toString()>
870,0.0,0.0,0.0,0.0,<java.nio.DirectByteBuffer$Deallocator: void run()>
871,0.0,0.0,0.0,0.0,<sun.security.jca.Providers: java.security.Provider getSunProvider()>
872,0.0,0.0,0.0,0.0,<sun.nio.ch.SharedFileLockTable: void remove(java.nio.channels.FileLock)>
873,0.0,0.0,4.0,0.0,"<javax.crypto.spec.DESKeySpec: boolean isWeak(byte[],int)>"
874,0.25,0.25,0.25,0.25,"<sun.nio.ch.SinkChannelImpl: boolean translateAndSetReadyOps(int,sun.nio.ch.SelectionKeyImpl)>"
875,0.0,0.0,0.0,0.0,<java.nio.channels.Selector: java.nio.channels.spi.SelectorProvider provider()>
876,0.0,0.0,0.0,0.0,<java.lang.Runtime: boolean removeShutdownHook(java.lang.Thread)>
877,0.0,0.0,0.0,4.0,<org.xml.sax.InputSource: void setByteStream(java.io.InputStream)>
878,0.25,0.25,0.25,0.25,"<sun.nio.ch.AsynchronousServerSocketChannelImpl: java.nio.channels.AsynchronousServerSocketChannel setOption(java.net.SocketOption,java.lang.Object)>"
879,0.25,0.25,0.25,0.25,<java.lang.ClassLoaderHelper: java.io.File mapAlternativeName(java.io.File)>
880,0.0,0.0,0.0,0.0,<sun.misc.JavaLangAccess: void invokeFinalize(java.lang.Object)>
881,0.0,0.0,0.0,0.0,"<java.lang.Class: java.lang.reflect.Method getMethod(java.lang.String,java.lang.Class[])>"
882,0.0,0.0,0.0,0.0,<sun.nio.ch.AsynchronousChannelGroupImpl$1: void run()>
883,0.25,0.25,0.25,0.25,"<sun.security.ssl.JsseJce: java.security.spec.ECPoint decodePoint(byte[],java.security.spec.EllipticCurve)>"
884,0.0,0.0,0.0,0.0,<sun.security.pkcs.PKCS7: sun.security.pkcs.ContentInfo getContentInfo()>
885,0.0,0.0,0.0,0.0,<sun.security.ssl.BaseSSLSocketImpl: java.net.InetAddress getLocalAddress()>
886,0.0,0.0,0.0,0.0,<java.nio.DirectByteBufferR: java.nio.ByteBuffer compact()>
887,0.0,0.0,0.0,0.0,<java.util.Collections$AsLIFOQueue: java.lang.Object[] toArray()>
888,0.0,0.0,0.0,0.0,<java.net.Inet4Address: boolean isMCSiteLocal()>
889,4.0,0.0,0.0,0.0,<java.io.FileSystem: java.lang.String normalize(java.lang.String)>
890,0.0,0.0,0.0,0.0,<sun.misc.Unsafe: void monitorEnter(java.lang.Object)>
891,0.0,0.0,0.0,0.0,<sun.security.x509.OIDMap: java.lang.Class getClass(sun.security.util.ObjectIdentifier)>
892,4.0,0.0,0.0,0.0,"<java.net.URI: int hashIgnoringCase(int,java.lang.String)>"
893,0.0,0.0,0.0,0.0,<java.lang.StackTraceElement: java.lang.String toString()>
894,0.25,0.25,0.25,0.25,"<java.io.PrintWriter: java.io.PrintWriter format(java.util.Locale,java.lang.String,java.lang.Object[])>"
895,0.0,0.0,0.0,0.0,<java.lang.Character: int hashCode()>
896,0.0,0.0,0.0,1.0,<java.net.URI$Parser: char charAt(int)>
897,0.0,0.0,0.0,4.0,<sun.nio.ch.UnixAsynchronousSocketChannelImpl: void finishWrite(boolean)>
898,0.0,0.0,0.0,1.0,<sun.nio.ch.SelectorProviderImpl: java.nio.channels.ServerSocketChannel openServerSocketChannel()>
899,0.0,0.0,0.0,0.0,<java.nio.file.Files$FileTypeDetectors$1: java.nio.file.spi.FileTypeDetector run()>
900,0.0,0.0,0.0,0.0,<javax.xml.transform.SecuritySupport: java.lang.String getSystemProperty(java.lang.String)>
901,0.0,0.0,0.0,0.0,<java.text.AttributedCharacterIterator: java.util.Map getAttributes()>
902,0.0,0.0,0.0,0.0,<java.util.concurrent.ArrayBlockingQueue$Itr: void remove()>
903,0.0,0.0,0.0,4.0,<sun.security.krb5.internal.LocalSeqNumber: void init(int)>
904,0.25,0.25,0.25,0.25,<sun.net.sdp.SdpProvider$Action: sun.net.sdp.SdpProvider$Action valueOf(java.lang.String)>
905,0.25,0.25,0.25,0.25,<sun.net.ftp.FtpClient: sun.net.ftp.FtpClient structureMount(java.lang.String)>
906,4.0,0.0,0.0,0.0,"<java.nio.channels.spi.AbstractInterruptibleChannel: boolean access$102(java.nio.channels.spi.AbstractInterruptibleChannel,boolean)>"
907,0.0,0.0,0.0,4.0,<sun.security.ssl.HandshakeMessage$ClientHello: void send(sun.security.ssl.HandshakeOutStream)>
908,0.0,0.0,0.0,0.0,<sun.security.ssl.SSLEngineImpl: java.lang.String[] getSupportedCipherSuites()>
909,0.0,0.0,0.0,0.0,<sun.net.www.protocol.http.AuthenticationInfo: java.lang.String reducePath(java.lang.String)>
910,0.0,0.0,0.0,0.0,<sun.security.krb5.KrbApReq: sun.security.krb5.Checksum getChecksum()>
911,0.0,0.0,0.0,4.0,<javax.naming.CannotProceedException: void setAltName(javax.naming.Name)>
912,0.25,0.25,0.25,0.25,"<sun.security.krb5.internal.ktab.KeyTab$1: int compare(sun.security.krb5.EncryptionKey,sun.security.krb5.EncryptionKey)>"
913,4.0,0.0,0.0,0.0,<sun.nio.cs.ThreadLocalCoders$Cache: java.lang.Object forName(java.lang.Object)>
914,0.25,0.25,0.25,0.25,"<sun.net.www.ParseUtil: long lowMask(char,char)>"
915,4.0,0.0,0.0,0.0,"<java.text.BreakDictionary: short getNextStateFromCharacter(int,int)>"
916,0.0,0.0,0.0,0.0,<java.net.PlainDatagramSocketImpl: byte getTTL()>
917,0.25,0.25,0.25,0.25,<java.nio.file.AccessMode: java.nio.file.AccessMode valueOf(java.lang.String)>
918,0.0,0.0,0.0,0.0,<java.util.zip.Inflater: int getTotalIn()>
919,4.0,0.0,0.0,0.0,"<sun.misc.ProxyGenerator$ConstantPool: short getFieldRef(java.lang.String,java.lang.String,java.lang.String)>"
920,0.0,0.0,0.0,0.0,<sun.nio.ch.EPollArrayWrapper: void updateRegistrations()>
921,0.0,0.0,0.0,0.0,<sun.nio.ch.NativeObject: int getInt(int)>
922,0.0,0.0,0.0,0.0,<java.util.List: boolean equals(java.lang.Object)>
923,0.0,0.0,0.0,4.0,<java.io.PrintStream: void print(java.lang.String)>
924,0.25,0.25,0.25,0.25,"<sun.nio.ch.FileChannelImpl: long transferToTrustedChannel(long,long,java.nio.channels.WritableByteChannel)>"
925,0.25,0.25,0.25,0.25,"<javax.net.DefaultServerSocketFactory: java.net.ServerSocket createServerSocket(int,int,java.net.InetAddress)>"
926,0.0,0.0,0.0,0.0,<sun.security.internal.spec.TlsKeyMaterialSpec: javax.crypto.SecretKey getClientMacKey()>
927,0.0,0.0,0.0,0.0,<java.util.concurrent.LinkedBlockingDeque: boolean remove(java.lang.Object)>
928,4.0,0.0,0.0,0.0,"<java.security.KeyStore$Builder$2: boolean access$702(java.security.KeyStore$Builder$2,boolean)>"
929,0.0,0.0,0.0,0.0,<sun.misc.FileURLMapper: boolean exists()>
930,1.0,0.0,0.0,0.0,"<sun.misc.SoftCache: java.lang.Object put(java.lang.Object,java.lang.Object)>"
931,0.0,0.0,0.0,0.0,<sun.nio.ch.Util$2: int hashCode()>
932,0.0,0.0,0.0,0.0,<java.util.Collections$EmptyList: int hashCode()>
933,0.0,0.0,0.0,0.0,<javax.crypto.CipherSpi: int engineGetOutputSize(int)>
934,0.25,0.25,0.25,0.25,<sun.security.krb5.internal.ktab.KeyTab: void createVersion(java.io.File)>
935,1.0,0.0,0.0,0.0,<sun.security.provider.PolicyParser$GrantEntry: java.util.Enumeration permissionElements()>
936,0.0,0.0,0.0,0.0,<sun.security.ssl.BaseSSLSocketImpl: boolean getOOBInline()>
937,0.0,0.0,0.0,0.0,"<sun.misc.Unsafe: short getShort(java.lang.Object,int)>"
938,0.25,0.25,0.25,0.25,<java.nio.ByteBuffer: java.nio.ByteBuffer wrap(byte[])>
939,0.0,0.0,0.0,0.0,<java.util.EnumSet: java.util.EnumSet clone()>
940,0.0,0.0,4.0,0.0,<java.lang.reflect.Modifier: boolean isAbstract(int)>
941,0.0,0.0,0.0,0.0,<sun.security.krb5.KrbTgsReq: sun.security.krb5.internal.KerberosTime getCtime()>
942,0.25,0.25,0.25,0.25,<java.lang.Math: double toDegrees(double)>
943,0.0,0.0,0.0,4.0,"<sun.security.x509.PolicyConstraintsExtension: void set(java.lang.String,java.lang.Object)>"
944,0.25,0.25,0.25,0.25,"<java.util.regex.Pattern: int countChars(java.lang.CharSequence,int,int)>"
945,0.25,0.25,0.25,0.25,<java.io.PrintWriter: java.nio.charset.Charset toCharset(java.lang.String)>
946,0.0,0.0,0.0,0.0,<java.util.BitSet: boolean isEmpty()>
947,0.0,0.0,4.0,0.0,<java.lang.Character: boolean isLetterOrDigit(int)>
948,0.0,0.0,0.0,0.0,<java.util.ArrayList: void ensureExplicitCapacity(int)>
949,0.0,0.0,0.0,0.0,<java.io.ObjectInputStream$GetFieldImpl: void readFields()>
950,1.0,0.0,0.0,0.0,"<sun.nio.ch.UnixAsynchronousServerSocketChannelImpl: int accept0(java.io.FileDescriptor,java.io.FileDescriptor,java.net.InetSocketAddress[])>"
951,0.0,0.0,0.0,0.0,<sun.nio.ch.AsynchronousFileChannelImpl: void release(sun.nio.ch.FileLockImpl)>
952,0.0,0.0,0.0,0.0,<javax.security.auth.kerberos.KerberosKey: boolean isDestroyed()>
953,0.0,0.0,0.0,0.0,<sun.security.ssl.BaseSSLSocketImpl: int getTrafficClass()>
954,0.0,0.0,0.0,0.0,"<java.nio.ByteBufferAsCharBufferB: java.lang.String toString(int,int)>"
955,0.25,0.25,0.25,0.25,<java.util.ResourceBundle: boolean checkList(java.util.List)>
956,0.0,0.0,0.0,0.0,<sun.net.ftp.FtpClient: void close()>
957,0.0,0.0,0.0,4.0,<sun.security.ec.ECParameters: void engineInit(byte[])>
958,0.25,0.25,0.25,0.25,"<java.util.Collections$UnmodifiableSortedSet: java.util.SortedSet subSet(java.lang.Object,java.lang.Object)>"
959,0.0,0.0,0.0,0.0,<java.util.concurrent.locks.ReentrantLock$Sync: java.util.concurrent.locks.AbstractQueuedSynchronizer$ConditionObject newCondition()>
960,0.0,0.0,0.0,0.0,<sun.security.ssl.SSLSessionImpl: java.security.Principal getPeerPrincipal()>
961,4.0,0.0,0.0,0.0,<java.lang.reflect.Field: byte getByte(java.lang.Object)>
962,0.25,0.25,0.25,0.25,<sun.reflect.ReflectionFactory: java.lang.reflect.Method copyMethod(java.lang.reflect.Method)>
963,0.0,0.0,0.0,0.0,<java.util.Random: long seedUniquifier()>
964,0.25,0.25,0.25,0.25,<java.util.regex.Pattern$CharPropertyNames$3: java.util.regex.Pattern$CharProperty make()>
965,0.0,0.0,0.0,1.0,"<javax.crypto.Cipher: int doFinal(byte[],int)>"
966,0.0,0.0,0.0,4.0,"<sun.reflect.UnsafeQualifiedStaticDoubleFieldAccessorImpl: void setByte(java.lang.Object,byte)>"
967,0.0,0.0,0.0,0.0,<java.io.ObjectInputStream$HandleTable: void grow()>
968,0.0,0.0,0.0,0.0,"<java.util.concurrent.ConcurrentHashMap: java.lang.Object replace(java.lang.Object,java.lang.Object)>"
969,0.0,0.0,0.0,0.0,<java.net.InetAddress: boolean isMCOrgLocal()>
970,0.0,0.0,0.0,0.0,<java.lang.ref.Finalizer: java.lang.Object access$200()>
971,4.0,0.0,0.0,0.0,<sun.reflect.UnsafeStaticShortFieldAccessorImpl: char getChar(java.lang.Object)>
972,4.0,0.0,0.0,0.0,<sun.util.locale.LanguageTag: java.lang.String canonicalizePrivateuseSubtag(java.lang.String)>
973,0.25,0.25,0.25,0.25,"<java.util.jar.Manifest$FastInputStream: int read(byte[],int,int)>"
974,0.25,0.25,0.25,0.25,"<java.nio.ByteBufferAsFloatBufferL: java.nio.FloatBuffer put(int,float)>"
975,0.25,0.25,0.25,0.25,"<sun.util.calendar.BaseCalendar$Date: sun.util.calendar.BaseCalendar$Date setNormalizedDate(int,int,int)>"
976,0.0,0.0,0.0,0.0,<java.security.Policy$3: java.security.ProtectionDomain run()>
977,0.0,0.0,0.0,0.0,<sun.net.www.protocol.ftp.FtpURLConnection: void setReadTimeout(int)>
978,0.0,0.0,0.0,0.0,<sun.util.calendar.JulianCalendar: sun.util.calendar.CalendarDate newCalendarDate()>
979,0.0,0.0,0.0,4.0,"<sun.security.ssl.SSLSocketImpl: void init(sun.security.ssl.SSLContextImpl,boolean)>"
980,0.0,0.0,0.0,0.0,<sun.nio.ch.Net: boolean canJoin6WithIPv4Group()>
981,0.0,0.0,0.0,0.0,<sun.text.normalizer.CharacterIteratorWrapper: java.lang.Object clone()>
982,0.25,0.25,0.25,0.25,<sun.misc.URLClassPath$JarLoader: java.util.jar.JarFile getJarFile(java.net.URL)>
983,0.25,0.25,0.25,0.25,"<sun.util.locale.BaseLocale: sun.util.locale.BaseLocale getInstance(java.lang.String,java.lang.String,java.lang.String,java.lang.String)>"
984,0.25,0.25,0.25,0.25,"<java.lang.reflect.WeakCache$CacheKey: void expungeFrom(java.util.concurrent.ConcurrentMap,java.util.concurrent.ConcurrentMap)>"
985,1.0,0.0,0.0,0.0,<java.nio.ByteBufferAsFloatBufferB: java.nio.FloatBuffer asReadOnlyBuffer()>
986,0.0,0.0,0.0,0.0,<sun.text.normalizer.UnicodeSet: sun.text.normalizer.UnicodeSet clear()>
987,0.25,0.25,0.25,0.25,"<java.util.concurrent.FutureTask: int awaitDone(boolean,long)>"
988,0.0,0.0,0.0,0.0,<java.security.cert.X509CertSelector: byte[] getAuthorityKeyIdentifier()>
989,0.0,0.0,0.0,0.0,<sun.nio.ch.NativeObject: long allocationAddress()>
990,0.0,0.0,0.0,4.0,<javax.net.ssl.SSLParameters: void setEndpointIdentificationAlgorithm(java.lang.String)>
991,0.0,0.0,0.0,4.0,"<sun.security.x509.ReasonFlags: void set(java.lang.String,java.lang.Object)>"
992,0.0,0.0,0.0,0.0,<sun.misc.FileURLMapper: java.lang.String getPath()>
993,0.0,0.0,0.0,0.0,<sun.security.internal.spec.TlsRsaPremasterSecretParameterSpec: int getMinorVersion()>
994,4.0,0.0,0.0,0.0,<sun.security.krb5.KdcComm$KdcAccessibility: boolean access$400(java.lang.String)>
995,0.25,0.25,0.25,0.25,"<sun.net.ftp.FtpClient: sun.net.ftp.FtpClient getFile(java.lang.String,java.io.OutputStream)>"
996,0.0,0.0,0.0,0.0,<java.text.DateFormatSymbols: java.lang.String[] getMonths()>
997,0.0,0.0,4.0,0.0,<sun.text.normalizer.NormalizerImpl: boolean isJamoVTNorm32JamoV(long)>
998,0.0,0.0,0.0,4.0,<sun.nio.ch.SocketAdaptor: void setKeepAlive(boolean)>
999,0.0,0.0,0.0,0.0,<sun.security.x509.PolicyMappingsExtension: void encodeThis()>
